sample_idx,target_EC_GHz,pred_EC_GHz,abs_error_EC_GHz,ref_connection_pads.readout.claw_length,pred_connection_pads.readout.claw_length,ref_connection_pads.readout.ground_spacing,pred_connection_pads.readout.ground_spacing,ref_cross_length,pred_cross_length
0,0.13885051,0.13885345,2.9355288e-06,0.00018,0.00027573662,5.0000003e-06,7.5638009e-06,0.00026,0.00025507563
1,0.12818515,0.12817566,9.4920397e-06,0.0001,0.00028632904,1.0000001e-05,7.530326e-06,0.00029,0.00027366984
2,0.21256153,0.21407324,0.0015117079,0.00011,0.00028214909,4.0999998e-06,8.9094046e-06,0.00018,0.00017609197
3,0.17392467,0.17398378,5.9112906e-05,0.00013,0.00026240133,5.0000003e-06,8.1027711e-06,0.00021,0.00020940542
4,0.23215243,0.23188311,0.00026932359,9.0000001e-05,0.00029856359,5.0000003e-06,9.2568007e-06,0.00016000001,0.00016570209
5,0.14464465,0.14481364,0.00016899407,0.0001,0.00027001629,5.0000003e-06,7.6323604e-06,0.00025000001,0.00024578426
6,0.15779294,0.15757319,0.00021974742,0.00014,0.00025703551,9.1000002e-06,7.7879367e-06,0.00022999999,0.00022469991
7,0.10843185,0.1084483,1.6458333e-05,7.0000002e-05,0.00030499746,4.0999998e-06,7.8562807e-06,0.00034,0.00032757167
8,0.10501818,0.10502353,5.3569674e-06,0.00026,0.00030862412,1.0000001e-05,7.9208821e-06,0.00035000002,0.00033682163
9,0.1440468,0.14419338,0.00014658272,0.00012,0.00027060651,9.1000002e-06,7.6252868e-06,0.00025000001,0.00024674294
10,0.12358703,0.12359459,7.5623393e-06,8.0000005e-05,0.00029123272,5.0000003e-06,7.5864373e-06,0.00029,0.00028676182
11,0.13884686,0.13884969,2.8312206e-06,0.00017,0.00027574023,5.0000003e-06,7.5637581e-06,0.00026,0.00025508148
12,0.13289838,0.13293798,3.9607286e-05,0.00011,0.00028152743,4.0999998e-06,7.5249504e-06,0.00027999998,0.00026429733
13,0.088280588,0.088291161,1.0572374e-05,0.00022,0.00033821305,1.0000001e-05,8.117252e-06,0.00040000002,0.00038692649
14,0.27779627,0.27779639,1.1920929e-07,7.0000002e-05,0.00033113654,4.0999998e-06,9.7964894e-06,0.00014,0.00014347058
15,0.083764724,0.083770506,5.7816505e-06,0.00035000002,0.00034880644,4.0999998e-06,8.1624858e-06,0.00042,0.00040149971
16,0.44207865,0.44596815,0.0038895011,7.0000002e-05,0.00042039648,4.0999998e-06,1.0462369e-05,9.0000001e-05,8.8007044e-05
17,0.27748346,0.27748409,6.2584877e-07,8.0000005e-05,0.00033095275,1.0000001e-05,9.7944967e-06,0.00014,0.00014359679
18,0.086023405,0.086031325,7.9199672e-06,0.00027999998,0.00034315887,4.0999998e-06,8.1298776e-06,0.00041000001,0.00039409997
19,0.14391693,0.14405864,0.00014171004,0.00018,0.00027073474,4.0999998e-06,7.6237498e-06,0.00026,0.00024695121
20,0.088032693,0.088041306,8.6128712e-06,0.00031,0.00033874775,4.0999998e-06,8.1183971e-06,0.00040000002,0.00038771165
21,0.2321813,0.2319126,0.00026869774,0.00011,0.00029858726,9.1000002e-06,9.25728e-06,0.00016000001,0.00016568658
22,0.10769715,0.10771348,1.6331673e-05,0.00025000001,0.00030563227,5.0000003e-06,7.8691755e-06,0.00033000001,0.00032955021
23,0.10131519,0.10130024,1.4953315e-05,0.00020000001,0.00031308905,9.1000002e-06,7.9946312e-06,0.00035000002,0.00034690017
24,0.20502695,0.20519203,0.00016507506,0.00014,0.0002792273,5.0000003e-06,8.7403132e-06,0.00018,0.00018265634
25,0.09056998,0.0905874,1.7419457e-05,0.00023999999,0.00033325652,4.0999998e-06,8.1050193e-06,0.00039000003,0.00037970522
26,0.1017848,0.10177244,1.2360513e-05,0.00021,0.00031252284,4.0999998e-06,7.985278e-06,0.00036000001,0.00034562199
27,0.13323887,0.1332652,2.6330352e-05,0.00025000001,0.0002811898,5.0000003e-06,7.5267121e-06,0.00026999999,0.00026378719
28,0.12833458,0.12830225,3.233552e-05,0.00025000001,0.00028616967,9.1000002e-06,7.5285029e-06,0.00027999998,0.0002732444
29,0.12332612,0.12331764,8.4862113e-06,0.00011,0.00029151095,1.0000001e-05,7.5896205e-06,0.00029999999,0.00028750463
30,0.12794727,0.12797412,2.6851892e-05,0.00011,0.00028658271,4.0999998e-06,7.5332287e-06,0.00029,0.00027434717
31,0.11519313,0.11521064,1.7508864e-05,0.00013,0.00029915551,9.1000002e-06,7.7376062e-06,0.00031,0.00030936379
32,0.11947178,0.11945878,1.3001263e-05,0.00018,0.00029521363,4.0999998e-06,7.6571478e-06,0.00031,0.00029790436
33,0.32692388,0.32683814,8.5741282e-05,8.0000005e-05,0.00036010804,4.0999998e-06,1.0095717e-05,0.00012,0.00012385253
34,0.11521778,0.11523528,1.7508864e-05,0.00015000001,0.0002991342,9.1000002e-06,7.7371742e-06,0.00031,0.00030929744
35,0.11540515,0.11542268,1.7531216e-05,0.00020000001,0.00029897236,4.0999998e-06,7.7338855e-06,0.00031999999,0.00030879283
36,0.11892905,0.11892097,8.0764294e-06,0.00021,0.00029572195,9.1000002e-06,7.667536e-06,0.00029999999,0.0002993558
37,0.098256305,0.098207898,4.8406422e-05,0.00012,0.00031744959,9.1000002e-06,8.0447053e-06,0.00036000001,0.00035609023
38,0.13311309,0.1331443,3.1217933e-05,0.00013,0.00028131457,1.0000001e-05,7.5260614e-06,0.00027999998,0.00026397567
39,0.10186073,0.10184877,1.1958182e-05,0.00018,0.00031243128,1.0000001e-05,7.9837655e-06,0.00036000001,0.00034541538
40,0.099132106,0.099144608,1.2502074e-05,0.00026,0.00031630334,4.0999998e-06,8.0351047e-06,0.00036999999,0.00035322743
41,0.19348963,0.19341995,6.967783e-05,0.00017,0.00027323037,5.0000003e-06,8.4974627e-06,0.00018999999,0.00019265567
42,0.11899481,0.11898614,8.6724758e-06,0.00015000001,0.0002956604,5.0000003e-06,7.6662773e-06,0.00029999999,0.00029917996
43,0.15661016,0.15643182,0.0001783371,7.0000002e-05,0.00025820322,4.0999998e-06,7.7739423e-06,0.00024000001,0.00022659657
44,0.13814591,0.13813017,1.5735626e-05,0.00013,0.00027643432,4.0999998e-06,7.5555631e-06,0.00026999999,0.00025620585
45,0.1832699,0.18325362,1.6286969e-05,0.00015000001,0.00026669822,9.1000002e-06,8.296307e-06,0.00020000001,0.00020144714
46,0.096313044,0.096329555,1.6510487e-05,0.00029999999,0.00032096572,4.0999998e-06,8.0677728e-06,0.00037999998,0.00036185276
47,0.10824113,0.10825755,1.642108e-05,0.00016000001,0.00030516225,1.0000001e-05,7.8596277e-06,0.00034,0.0003280853
48,0.15756789,0.15735602,0.00021186471,0.00021,0.00025725763,5.0000003e-06,7.7852737e-06,0.00022999999,0.00022506078
49,0.12367958,0.12369282,1.3239682e-05,0.00018999999,0.00029113403,4.0999998e-06,7.5853077e-06,0.00029999999,0.00028649831
50,0.11910377,0.1190941,9.663403e-06,0.00025000001,0.0002955583,5.0000003e-06,7.6641918e-06,0.00029999999,0.00029888854
51,0.15636459,0.15619484,0.00016975403,0.00011,0.00025844565,1.0000001e-05,7.7710356e-06,0.00024000001,0.00022699038
52,0.20482026,0.20497312,0.00015285611,0.00011,0.00027914761,5.0000003e-06,8.7356766e-06,0.00018,0.00018283643
53,0.10128957,0.10127448,1.5087426e-05,0.00013,0.00031311993,9.1000002e-06,7.9951405e-06,0.00035000002,0.0003469699
54,0.10506015,0.10506573,5.5730343e-06,0.00018999999,0.00030857351,4.0999998e-06,7.9200454e-06,0.00035000002,0.0003367074
55,0.34558421,0.34618402,0.00059980154,9.0000001e-05,0.00037152448,5.0000003e-06,1.0156856e-05,0.00011,0.00011718145
56,0.11529057,0.1153081,1.7523766e-05,0.00029999999,0.00029907134,1.0000001e-05,7.7358964e-06,0.00031999999,0.00030910136
57,0.11517253,0.11519004,1.7508864e-05,0.00023999999,0.00029917332,9.1000002e-06,7.7379682e-06,0.00031,0.00030941927
58,0.1833335,0.18331666,1.6838312e-05,0.00012,0.00026672747,5.0000003e-06,8.2976239e-06,0.00020000001,0.00020139296
59,0.086027645,0.086035572,7.9274178e-06,0.00022999999,0.00034314831,4.0999998e-06,8.1298176e-06,0.00041000001,0.00039408609
60,0.099154554,0.099168591,1.4036894e-05,0.00026999999,0.00031627418,1.0000001e-05,8.0348591e-06,0.00036999999,0.00035315412
61,0.11533737,0.11535488,1.7508864e-05,0.00026,0.00029903091,1.0000001e-05,7.7350751e-06,0.00031999999,0.0003089754
62,0.1018301,0.10181799,1.2114644e-05,0.0001,0.00031246818,4.0999998e-06,7.9843758e-06,0.00036000001,0.00034549867
63,0.11512151,0.11513899,1.7486513e-05,0.00020000001,0.00029921738,9.1000002e-06,7.738864e-06,0.00031,0.00030955669
64,0.11157555,0.11159251,1.6957521e-05,8.0000005e-05,0.00030228123,4.0999998e-06,7.8011026e-06,0.00033000001,0.00031910581
65,0.093674563,0.093665302,9.2610717e-06,0.00036000001,0.00032652664,1.0000001e-05,8.087658e-06,0.00039000003,0.00036992657
66,0.11520948,0.11522698,1.7508864e-05,0.0001,0.00029914136,9.1000002e-06,7.7373197e-06,0.00031,0.00030931979
67,0.093716301,0.093708813,7.4878335e-06,8.0000005e-05,0.00032643616,1.0000001e-05,8.0874252e-06,0.00039000003,0.00036979513
68,0.2572723,0.25735646,8.4161758e-05,0.00013,0.00031862437,1.0000001e-05,9.6500398e-06,0.00015000001,0.00015238138
69,0.10131921,0.10130429,1.4916062e-05,0.00021,0.00031308422,9.1000002e-06,7.9945512e-06,0.00035000002,0.00034688925
70,0.30012682,0.30008593,4.0888786e-05,7.0000002e-05,0.00034425722,1.0000001e-05,9.9386234e-06,0.00013,0.00013446232
71,0.23145255,0.23116849,0.00028406084,0.00013,0.00029798923,5.0000003e-06,9.2451819e-06,0.00016000001,0.00016607741
72,0.10185704,0.10184508,1.1965632e-05,8.0000005e-05,0.00031243573,1.0000001e-05,7.9838401e-06,0.00036000001,0.00034542536
73,0.13879374,0.1387952,1.4603138e-06,0.00016000001,0.00027579267,9.1000002e-06,7.5631292e-06,0.00026,0.00025516664
74,0.18028457,0.18029517,1.0594726e-05,7.0000002e-05,0.00026532559,4.0999998e-06,8.2344823e-06,0.00021,0.0002039894
75,0.099142365,0.099155568,1.3202429e-05,0.00027999998,0.00031629004,4.0999998e-06,8.0349928e-06,0.00036999999,0.00035319393
76,0.18030404,0.18031447,1.0430813e-05,8.0000005e-05,0.00026533453,4.0999998e-06,8.2348852e-06,0.00021,0.00020397284
77,0.13327394,0.13329892,2.4974346e-05,7.0000002e-05,0.00028115502,9.1000002e-06,7.5268945e-06,0.00026999999,0.00026373463
78,0.085876808,0.085884593,7.7858567e-06,0.00014,0.00034352543,1.0000001e-05,8.131994e-06,0.00041000001,0.00039458022
79,0.11939595,0.11938363,1.232326e-05,0.00018999999,0.00029528467,4.0999998e-06,7.6585993e-06,0.00031,0.00029810716
80,0.10815034,0.10816672,1.6383827e-05,0.00029999999,0.00030524071,1.0000001e-05,7.861222e-06,0.00034,0.00032832983
81,0.093728267,0.093721293,6.9737434e-06,0.00036999999,0.0003264102,1.0000001e-05,8.0873579e-06,0.00039000003,0.00036975738
82,0.15762076,0.15740703,0.00021372736,0.00011,0.00025720551,5.0000003e-06,7.7858995e-06,0.00022999999,0.00022497603
83,0.15673801,0.15655519,0.00018282235,0.00011,0.00025807697,4.0999998e-06,7.7754539e-06,0.00024000001,0.00022639157
84,0.21351445,0.21540643,0.0018919855,0.0001,0.00028254889,4.0999998e-06,8.9309387e-06,0.00018,0.00017526197
85,0.096405022,0.096414849,9.8273158e-06,0.00027999998,0.00032078562,1.0000001e-05,8.0666341e-06,0.00037999998,0.00036159184
86,0.19980094,0.19972284,7.8096986e-05,0.00015000001,0.00027721125,1.0000001e-05,8.6230812e-06,0.00018999999,0.00018720952
87,0.083766751,0.08377254,5.7891011e-06,0.00027999998,0.00034880135,1.0000001e-05,8.1624567e-06,0.00042,0.00040149305
88,0.12813202,0.12813064,1.3709068e-06,7.0000002e-05,0.00028638571,5.0000003e-06,7.5309745e-06,0.00027999998,0.00027382115
89,0.15124005,0.15124969,9.6410513e-06,0.00018999999,0.00026350489,5.0000003e-06,7.7103996e-06,0.00024000001,0.000235208
90,0.11535465,0.11537219,1.7538667e-05,0.00013,0.00029901596,1.0000001e-05,7.7347713e-06,0.00031999999,0.00030892881
91,0.085866749,0.08587452,7.7709556e-06,0.0001,0.00034355058,1.0000001e-05,8.1321396e-06,0.00041000001,0.00039461325
92,0.22573496,0.22570573,2.9236078e-05,0.0001,0.00029329711,1.0000001e-05,9.1502652e-06,0.00017,0.00016914376
93,0.13311139,0.13314268,3.1292439e-05,0.00016000001,0.00028131623,5.0000003e-06,7.5260523e-06,0.00026999999,0.0002639782
94,0.13288657,0.13292664,4.0069222e-05,0.0001,0.00028153911,4.0999998e-06,7.524889e-06,0.00027999998,0.00026431502
95,0.088317625,0.088328488,1.0862947e-05,8.0000005e-05,0.00033813316,1.0000001e-05,8.1170811e-06,0.00040000002,0.0003868092
96,0.15670541,0.15652373,0.00018167496,0.00013,0.00025810915,4.0999998e-06,7.7750692e-06,0.00024000001,0.00022644384
97,0.11522875,0.11524625,1.7501414e-05,0.00012,0.00029912475,5.0000003e-06,7.7369814e-06,0.00031,0.0003092679
98,0.10774981,0.10776614,1.6331673e-05,0.00012,0.00030558676,9.1000002e-06,7.8682515e-06,0.00033000001,0.00032940839
99,0.14370589,0.14383967,0.00013378263,0.00011,0.00027094313,1.0000001e-05,7.6212523e-06,0.00026,0.00024728966
100,0.19275616,0.19268985,6.6310167e-05,0.00012,0.0002727402,9.1000002e-06,8.4831472e-06,0.00018999999,0.00019328768
101,0.085875578,0.085883357,7.7784061e-06,0.00023999999,0.00034352855,1.0000001e-05,8.1320122e-06,0.00041000001,0.00039458429
102,0.11127008,0.11128699,1.6905367e-05,8.0000005e-05,0.00030254512,9.1000002e-06,7.8064631e-06,0.00031999999,0.00031992837
103,0.086017318,0.086025223,7.905066e-06,0.00022,0.00034317409,4.0999998e-06,8.1299668e-06,0.00041000001,0.00039411991
104,0.10502373,0.10502912,5.3942204e-06,0.00026999999,0.00030861743,1.0000001e-05,7.9207712e-06,0.00035000002,0.00033680649
105,0.15073478,0.15076213,2.7343631e-05,0.00022,0.0002640037,9.1000002e-06,7.7044215e-06,0.00024000001,0.00023601823
106,0.11526287,0.1152804,1.7523766e-05,0.00018999999,0.00029909526,5.0000003e-06,7.7363829e-06,0.00031,0.00030917599
107,0.10737196,0.10738824,1.6279519e-05,0.00031,0.00030591327,9.1000002e-06,7.8748835e-06,0.00033000001,0.00033042597
108,0.12362722,0.12363724,1.0021031e-05,0.0001,0.00029118988,9.1000002e-06,7.5859462e-06,0.00029,0.00028664738
109,0.12360004,0.12360839,8.3521008e-06,0.00025000001,0.00029121884,4.0999998e-06,7.5862781e-06,0.00029999999,0.00028672477
110,0.1387182,0.13871767,5.364418e-07,0.00021,0.00027586723,5.0000003e-06,7.5622356e-06,0.00026,0.0002552878
111,0.090521798,0.09053915,1.7352402e-05,0.00034,0.00033336098,4.0999998e-06,8.1052885e-06,0.00039000003,0.000379857
112,0.12364194,0.12365287,1.0930002e-05,9.0000001e-05,0.00029117416,9.1000002e-06,7.585767e-06,0.00029,0.00028660547
113,0.10135301,0.10133827,1.4737248e-05,0.00022999999,0.00031304348,5.0000003e-06,7.9938773e-06,0.00035000002,0.00034679723
114,0.21261817,0.21415247,0.0015342981,8.0000005e-05,0.00028217287,4.0999998e-06,8.9106843e-06,0.00018,0.00017604264
115,0.11536889,0.11538643,1.7546117e-05,0.00015000001,0.00029900367,4.0999998e-06,7.7345212e-06,0.00031999999,0.00030889045
116,0.10453882,0.10454156,2.7343631e-06,0.00015000001,0.00030920209,5.0000003e-06,7.9304282e-06,0.00034,0.00033812626
117,0.16543122,0.16544625,1.5035272e-05,0.00013,0.00025849603,9.1000002e-06,7.9268748e-06,0.00022,0.00021663835
118,0.099079862,0.099088743,8.8810921e-06,0.00015000001,0.00031637101,4.0999998e-06,8.0356776e-06,0.00036999999,0.00035339818
119,0.10771944,0.10773577,1.6331673e-05,0.00026999999,0.00030561301,5.0000003e-06,7.8687845e-06,0.00033000001,0.0003294902
120,0.19012856,0.19007437,5.4195523e-05,0.00015000001,0.00027098425,4.0999998e-06,8.4318672e-06,0.00020000001,0.00019555174
121,0.17165191,0.17169926,4.7340989e-05,0.00012,0.0002613563,4.0999998e-06,8.0557038e-06,0.00022,0.00021134086
122,0.093599945,0.09358748,1.2464821e-05,0.00033000001,0.00032668843,1.0000001e-05,8.0880764e-06,0.00039000003,0.00037016161
123,0.25722915,0.25731745,8.8304281e-05,0.00012,0.00031859678,1.0000001e-05,9.6496588e-06,0.00015000001,0.0001524024
124,0.10769191,0.10770825,1.6331673e-05,0.00018999999,0.00030563679,9.1000002e-06,7.8692674e-06,0.00033000001,0.00032956433
125,0.22578317,0.22575009,3.3080578e-05,8.0000005e-05,0.00029333669,1.0000001e-05,9.1510656e-06,0.00017,0.00016911789
126,0.096382342,0.096393816,1.1473894e-05,0.0001,0.00032083003,1.0000001e-05,8.0669151e-06,0.00037999998,0.00036165619
127,0.20471925,0.20486616,0.00014691055,0.00015000001,0.00027910862,5.0000003e-06,8.7334101e-06,0.00018,0.00018292443
128,0.13810658,0.13808972,1.6868114e-05,0.00022999999,0.00027647393,1.0000001e-05,7.5551375e-06,0.00026999999,0.00025626904
129,0.099142686,0.099155925,1.3239682e-05,0.00022,0.0003162896,1.0000001e-05,8.0349882e-06,0.00036999999,0.00035319285
130,0.13877687,0.13877787,9.983778e-07,7.0000002e-05,0.00027580932,9.1000002e-06,7.5629296e-06,0.00026,0.00025519371
131,0.15615968,0.15599711,0.00016257167,9.0000001e-05,0.00025864795,1.0000001e-05,7.7686118e-06,0.00024000001,0.00022731896
132,0.10190856,0.10189686,1.1704862e-05,0.00025000001,0.0003123736,4.0999998e-06,7.9828123e-06,0.00036000001,0.0003452852
133,0.13881046,0.13881233,1.8775463e-06,0.00017,0.00027577614,9.1000002e-06,7.5633279e-06,0.00026,0.00025513984
134,0.11930402,0.11929255,1.1473894e-05,0.00029,0.00029537076,1.0000001e-05,7.6603592e-06,0.00031,0.000298353
135,0.10176677,0.1017543,1.2464821e-05,0.00022,0.00031254458,1.0000001e-05,7.9856372e-06,0.00036000001,0.00034567108
136,0.097083211,0.097043812,3.939867e-05,8.0000005e-05,0.00031945782,4.0999998e-06,8.0582367e-06,0.00037999998,0.00035966822
137,0.240886,0.24080069,8.5309148e-05,0.00012,0.00030573073,4.0999998e-06,9.4017842e-06,0.00016000001,0.00016101825
138,0.10507824,0.10508393,5.6996942e-06,0.00023999999,0.00030855174,4.0999998e-06,7.9196852e-06,0.00035000002,0.00033665815
139,0.24888666,0.24907552,0.00018885732,0.00013,0.00031229647,9.1000002e-06,9.5346013e-06,0.00015000001,0.00015672752
140,0.088211648,0.088221677,1.0028481e-05,0.00033000001,0.0003383618,1.0000001e-05,8.1175704e-06,0.00040000002,0.00038714486
141,0.12338108,0.12337597,5.1036477e-06,0.00018999999,0.00029145234,1.0000001e-05,7.5889502e-06,0.00029999999,0.00028734817
142,0.21771596,0.21848707,0.00077110529,0.00012,0.00028671641,9.1000002e-06,9.0171434e-06,0.00017,0.00017344432
143,0.18259911,0.18258885,1.02669e-05,0.00013,0.0002663898,9.1000002e-06,8.2824154e-06,0.00020000001,0.00020201837
144,0.24075119,0.24066298,8.8214874e-05,0.00011,0.00030562008,1.0000001e-05,9.3995468e-06,0.00016000001,0.00016109057
145,0.085856862,0.085864626,7.763505e-06,0.00017,0.00034357529,1.0000001e-05,8.1322823e-06,0.00041000001,0.00039464561
146,0.24093592,0.24085166,8.4266067e-05,0.00013,0.00030577171,4.0999998e-06,9.4026127e-06,0.00016000001,0.00016099148
147,0.11163305,0.11165,1.6950071e-05,0.00022,0.00030223155,4.0999998e-06,7.800093e-06,0.00033000001,0.00031895094
148,0.11543096,0.11544851,1.7553568e-05,0.00023999999,0.00029895004,4.0999998e-06,7.7334316e-06,0.00031999999,0.00030872328
149,0.3456386,0.34624043,0.0006018281,9.0000001e-05,0.00037155766,9.1000002e-06,1.0157032e-05,0.00011,0.000117162
150,0.1389204,0.13892515,4.7534704e-06,0.00015000001,0.00027566761,5.0000003e-06,7.564628e-06,0.00026,0.00025496355
151,0.083618037,0.083623677,5.6400895e-06,0.00021,0.00034917321,4.0999998e-06,8.164604e-06,0.00042,0.00040198021
152,0.11904754,0.11903839,9.1567636e-06,0.00018999999,0.00029561098,9.1000002e-06,7.6652677e-06,0.00029999999,0.00029903892
153,0.11889526,0.11888748,7.7784061e-06,0.00020000001,0.00029575362,5.0000003e-06,7.6681827e-06,0.00029999999,0.0002994462
154,0.10459752,0.10460057,3.0472875e-06,0.00027999998,0.00030913134,9.1000002e-06,7.9292595e-06,0.00034,0.00033796651
155,0.11159302,0.11160997,1.6957521e-05,0.00018,0.00030226613,4.0999998e-06,7.8007952e-06,0.00033000001,0.00031905874
156,0.13801554,0.13799544,2.0101666e-05,0.00020000001,0.00027654995,4.0999998e-06,7.5543308e-06,0.00026999999,0.00025641583
157,0.10187849,0.10186664,1.1846423e-05,0.00022999999,0.00031240986,1.0000001e-05,7.9834117e-06,0.00036000001,0.00034536701
158,0.10840614,0.10842258,1.6443431e-05,0.00021,0.00030501967,4.0999998e-06,7.8567318e-06,0.00034,0.00032764091
159,0.10823035,0.10824677,1.642108e-05,0.00012,0.00030517156,1.0000001e-05,7.8598168e-06,0.00034,0.00032811431
160,0.099195316,0.099212185,1.6868114e-05,0.00012,0.00031622138,1.0000001e-05,8.0344116e-06,0.00036999999,0.00035302091
161,0.096427701,0.09643589,8.1881881e-06,0.00026999999,0.00032074121,4.0999998e-06,8.0663531e-06,0.00037999998,0.00036152752
162,0.18303345,0.18301928,1.4171004e-05,0.00017,0.00026658954,9.1000002e-06,8.2914112e-06,0.00020000001,0.00020164849
163,0.12353793,0.12354246,4.529953e-06,0.00020000001,0.00029128508,4.0999998e-06,7.5870357e-06,0.00029999999,0.0002869016
164,0.11158752,0.11160446,1.693517e-05,0.00013,0.00030227087,4.0999998e-06,7.8008925e-06,0.00033000001,0.00031907359
165,0.10758379,0.10760011,1.6316772e-05,0.00023999999,0.00030573021,5.0000003e-06,7.8711655e-06,0.00033000001,0.00032985548
166,0.11126193,0.11127882,1.6890466e-05,7.0000002e-05,0.00030255222,9.1000002e-06,7.8066068e-06,0.00031999999,0.0003199504
167,0.1281364,0.12813434,2.0563602e-06,8.0000005e-05,0.00028638102,1.0000001e-05,7.5309208e-06,0.00029,0.00027380866
168,0.13335046,0.13337244,2.1979213e-05,0.00013,0.00028107918,9.1000002e-06,7.5272901e-06,0.00026999999,0.00026362002
169,0.1561133,0.15595235,0.00016094744,0.00020000001,0.00025869373,1.0000001e-05,7.7680625e-06,0.00024000001,0.00022739335
170,0.15744132,0.15723388,0.00020743906,0.00020000001,0.00025738266,9.1000002e-06,7.7837767e-06,0.00022999999,0.00022526375
171,0.083777457,0.083783254,5.7965517e-06,0.00018,0.00034877457,4.0999998e-06,8.162302e-06,0.00042,0.00040145795
172,0.1082442,0.10826062,1.642853e-05,0.00017,0.00030515963,1.0000001e-05,7.859574e-06,0.00034,0.000328077
173,0.1116408,0.11165775,1.6957521e-05,0.00023999999,0.0003022248,1.0000001e-05,7.7999566e-06,0.00033000001,0.00031893008
174,0.1049339,0.10493879,4.8950315e-06,0.00031999999,0.00030872575,1.0000001e-05,7.9225601e-06,0.00035000002,0.00033705097
175,0.15667772,0.15649702,0.00018070638,8.0000005e-05,0.00025813651,4.0999998e-06,7.7747409e-06,0.00024000001,0.00022648826
176,0.20496242,0.20512368,0.00016126037,0.00012,0.00027920242,5.0000003e-06,8.7388644e-06,0.00018,0.0001827126
177,0.1327166,0.1327633,4.6700239e-05,0.00016000001,0.00028170765,4.0999998e-06,7.5240087e-06,0.00027999998,0.00026456968
178,0.12351887,0.12352224,3.3676624e-06,0.00015000001,0.00029130542,9.1000002e-06,7.5872686e-06,0.00029,0.00028695585
179,0.11537328,0.11539081,1.7538667e-05,0.00013,0.00029899986,4.0999998e-06,7.7344448e-06,0.00031999999,0.00030887866
180,0.16363855,0.16364428,5.7369471e-06,0.00015000001,0.00025767181,1.0000001e-05,7.8897492e-06,0.00022999999,0.00021816493
181,0.3966969,0.39397657,0.0027203262,7.0000002e-05,0.00039769034,4.0999998e-06,1.0319411e-05,0.0001,0.00010161891
182,0.1151494,0.1151669,1.7493963e-05,0.00023999999,0.00029919329,5.0000003e-06,7.7383747e-06,0.00031,0.00030948155
183,0.10184073,0.10182866,1.206249e-05,0.00013,0.00031245538,4.0999998e-06,7.9841648e-06,0.00036000001,0.00034546977
184,0.10505538,0.10506095,5.5655837e-06,0.00011,0.00030857924,1.0000001e-05,7.9201409e-06,0.00035000002,0.00033672035
185,0.090487987,0.09050528,1.7292798e-05,0.00029999999,0.00033343429,4.0999998e-06,8.1054786e-06,0.00039000003,0.00037996357
186,0.11125146,0.11126833,1.6875565e-05,0.00018,0.00030256124,9.1000002e-06,7.8067906e-06,0.00031999999,0.0003199786
187,0.13876802,0.13876879,7.7486038e-07,7.0000002e-05,0.00027581808,5.0000003e-06,7.562825e-06,0.00026,0.00025520791
188,0.13818942,0.13817494,1.4483929e-05,0.00014,0.00027639046,1.0000001e-05,7.5560347e-06,0.00026999999,0.00025613591
189,0.083734423,0.083740182,5.7592988e-06,0.00017,0.0003488822,1.0000001e-05,8.1629232e-06,0.00042,0.00040159895
190,0.1151971,0.11521462,1.7516315e-05,8.0000005e-05,0.0002991521,9.1000002e-06,7.7375371e-06,0.00031,0.00030935308
191,0.12803823,0.12805118,1.2949109e-05,0.00017,0.00028648571,1.0000001e-05,7.5321186e-06,0.00029,0.00027408818
192,0.18303278,0.18301864,1.4141202e-05,0.0001,0.00026658925,9.1000002e-06,8.2913966e-06,0.00020000001,0.00020164906
193,0.15783721,0.15761591,0.00022129714,0.00016000001,0.0002569918,9.1000002e-06,7.7884606e-06,0.00022999999,0.00022462892
194,0.10775179,0.10776813,1.6346574e-05,7.0000002e-05,0.00030558507,9.1000002e-06,7.8682169e-06,0.00033000001,0.00032940306
195,0.11537844,0.11539599,1.7546117e-05,0.00016000001,0.00029899538,4.0999998e-06,7.7343539e-06,0.00031999999,0.00030886475
196,0.11910032,0.1190907,9.6261501e-06,0.00026,0.00029556151,9.1000002e-06,7.6642573e-06,0.00029999999,0.00029889774
197,0.44148389,0.44519812,0.0037142336,7.0000002e-05,0.00042010311,1.0000001e-05,1.0460729e-05,9.0000001e-05,8.8202876e-05
198,0.17150666,0.17155321,4.6551228e-05,0.00012,0.0002612895,1.0000001e-05,8.0526943e-06,0.00022,0.00021146458
199,0.17165637,0.1717037,4.7326088e-05,0.00013,0.00026135833,4.0999998e-06,8.0557948e-06,0.00022,0.00021133709
200,0.12839398,0.12835255,4.1425228e-05,0.00026,0.00028610631,9.1000002e-06,7.5277776e-06,0.00027999998,0.0002730753
201,0.088056974,0.088065788,8.8140368e-06,8.0000005e-05,0.00033869539,4.0999998e-06,8.1182852e-06,0.00040000002,0.00038763476
202,0.15652187,0.15634662,0.00017525256,0.00014,0.00025829038,1.0000001e-05,7.7728973e-06,0.00024000001,0.00022673816
203,0.11530444,0.11532198,1.7538667e-05,0.00017,0.00029905932,1.0000001e-05,7.7356526e-06,0.00031999999,0.00030906402
204,0.12340865,0.12340524,3.4123659e-06,0.00022999999,0.00029142294,1.0000001e-05,7.5886132e-06,0.00029999999,0.00028726968
205,0.097068205,0.09702988,3.8325787e-05,7.0000002e-05,0.00031948721,4.0999998e-06,8.0584223e-06,0.00037999998,0.0003597108
206,0.11539925,0.1154168,1.7546117e-05,0.00029999999,0.00029897748,4.0999998e-06,7.7339892e-06,0.00031999999,0.0003088087
207,0.16377912,0.16378559,6.467104e-06,7.0000002e-05,0.00025773645,1.0000001e-05,7.8926605e-06,0.00022999999,0.00021804523
208,0.14469354,0.14486438,0.00017084181,0.00017,0.000269968,5.0000003e-06,7.6329388e-06,0.00025000001,0.00024570586
209,0.24070087,0.24061164,8.9228153e-05,8.0000005e-05,0.00030557881,4.0999998e-06,9.3987119e-06,0.00016000001,0.00016111754
210,0.10463013,0.10463337,3.233552e-06,0.00014,0.00030909202,9.1000002e-06,7.9286092e-06,0.00034,0.00033787778
211,0.17172353,0.17177121,4.7683716e-05,0.00017,0.00026138921,4.0999998e-06,8.0571863e-06,0.00022,0.0002112799
212,0.099181667,0.099197596,1.5929341e-05,0.00029,0.00031623908,1.0000001e-05,8.0345608e-06,0.00036999999,0.00035306546
213,0.12359609,0.1236042,8.1062317e-06,7.0000002e-05,0.00029122303,4.0999998e-06,7.5863268e-06,0.00029999999,0.000286736
214,0.21244223,0.2139063,0.0014640689,0.00012,0.00028209903,1.0000001e-05,8.9067089e-06,0.00018,0.00017619588
215,0.10171819,0.10170547,1.2725592e-05,0.00029,0.00031260314,4.0999998e-06,7.986604e-06,0.00036000001,0.0003458033
216,0.18038711,0.1803968,9.6857548e-06,0.00016000001,0.00026537274,4.0999998e-06,8.2366059e-06,0.00021,0.00020390209
217,0.13274407,0.13278969,4.5612454e-05,0.00013,0.0002816804,4.0999998e-06,7.5241514e-06,0.00027999998,0.0002645285
218,0.086006209,0.086014107,7.8976154e-06,0.00018,0.00034320191,4.0999998e-06,8.1301268e-06,0.00041000001,0.00039415635
219,0.21243338,0.21389396,0.001460582,0.0001,0.00028209534,1.0000001e-05,8.9065088e-06,0.00018,0.00017620357
220,0.16366036,0.16366625,5.8859587e-06,0.00017,0.00025768182,1.0000001e-05,7.8902021e-06,0.00022999999,0.00021814635
221,0.20045356,0.20038855,6.5013766e-05,0.00012,0.00027746303,4.0999998e-06,8.6377213e-06,0.00018999999,0.00018664091
222,0.1236235,0.1236333,9.7975135e-06,0.00011,0.00029119381,5.0000003e-06,7.5859921e-06,0.00029,0.00028665797
223,0.23215392,0.23188464,0.00026927888,7.0000002e-05,0.00029856479,5.0000003e-06,9.2568253e-06,0.00016000001,0.00016570126
224,0.12350875,0.1235115,2.7492642e-06,0.00016000001,0.00029131619,1.0000001e-05,7.5873922e-06,0.00029999999,0.00028698466
225,0.11532541,0.11534294,1.7523766e-05,0.00022999999,0.00029904125,1.0000001e-05,7.7352843e-06,0.00031999999,0.00030900756
226,0.11128948,0.11130637,1.6890466e-05,0.00027999998,0.00030252838,9.1000002e-06,7.806123e-06,0.00031999999,0.00031987621
227,0.11908425,0.11907477,9.4845891e-06,0.00023999999,0.00029557658,9.1000002e-06,7.6645647e-06,0.00029999999,0.00029894072
228,0.1076335,0.10764983,1.6331673e-05,8.0000005e-05,0.00030568725,5.0000003e-06,7.8702933e-06,0.00033000001,0.0003297216
229,0.10115978,0.10114399,1.578778e-05,0.00025000001,0.00031327643,5.0000003e-06,7.9977253e-06,0.00035000002,0.0003473231
230,0.12827718,0.12825362,2.3558736e-05,0.00022999999,0.00028623088,9.1000002e-06,7.5292028e-06,0.00027999998,0.00027340782
231,0.13291427,0.13295326,3.8981438e-05,0.00012,0.00028151166,4.0999998e-06,7.5250327e-06,0.00027999998,0.00026427352
232,0.088300735,0.088311464,1.0728836e-05,0.00029,0.00033816957,1.0000001e-05,8.1171593e-06,0.00040000002,0.00038686272
233,0.12357463,0.12358142,6.7949295e-06,0.00014,0.00029124593,4.0999998e-06,7.5865883e-06,0.00029999999,0.00028679709
234,0.096414864,0.096423961,9.0971589e-06,0.00023999999,0.00032076638,1.0000001e-05,8.0665122e-06,0.00037999998,0.00036156399
235,0.1049898,0.10499499,5.1930547e-06,0.00018999999,0.00030865835,1.0000001e-05,7.9214469e-06,0.00035000002,0.0003368989
236,0.10736928,0.10738556,1.6279519e-05,0.00029999999,0.00030591554,9.1000002e-06,7.8749308e-06,0.00033000001,0.00033043316
237,0.14371946,0.14385375,0.00013428926,0.00015000001,0.00027092968,1.0000001e-05,7.6214133e-06,0.00026,0.00024726789
238,0.11897507,0.11896658,8.4936619e-06,0.00027999998,0.00029567888,9.1000002e-06,7.6666556e-06,0.00029999999,0.00029923272
239,0.12348586,0.1234872,1.3411045e-06,7.0000002e-05,0.00029134061,1.0000001e-05,7.5876715e-06,0.00029999999,0.00028704986
240,0.16549076,0.16550609,1.5333295e-05,0.00020000001,0.00025852345,5.0000003e-06,7.9281081e-06,0.00022,0.00021658764
241,0.090532191,0.090549558,1.7367303e-05,0.00012,0.00033333848,4.0999998e-06,8.1052312e-06,0.00039000003,0.00037982425
242,0.10501488,0.10502023,5.3420663e-06,0.00011,0.00030862808,4.0999998e-06,7.9209476e-06,0.00035000002,0.00033683056
243,0.10840938,0.10842583,1.6450882e-05,0.00023999999,0.00030501687,4.0999998e-06,7.8566745e-06,0.00034,0.00032763218
244,0.13274415,0.13278978,4.5627356e-05,0.00017,0.00028168035,4.0999998e-06,7.5241519e-06,0.00027999998,0.00026452838
245,0.16500908,0.16502194,1.2859702e-05,0.00013,0.00025830194,5.0000003e-06,7.9181327e-06,0.00022,0.00021699783
246,0.098296128,0.098250635,4.5493245e-05,0.00023999999,0.00031739121,9.1000002e-06,8.0442733e-06,0.00036000001,0.00035595949
247,0.096375622,0.096387573,1.1950731e-05,0.00015000001,0.00032084322,4.0999998e-06,8.0669988e-06,0.00037999998,0.00036167525
248,0.11128192,0.11129881,1.6890466e-05,0.00026999999,0.00030253493,9.1000002e-06,7.8062558e-06,0.00031999999,0.00031989656
249,0.11543944,0.11545699,1.7546117e-05,0.00026,0.00029894273,4.0999998e-06,7.7332834e-06,0.00031999999,0.00030870049
250,0.26735491,0.26736632,1.1414289e-05,0.00012,0.00032498888,5.0000003e-06,9.7303619e-06,0.00014,0.0001476878
251,0.24887191,0.2490602,0.00018829107,0.0001,0.0003122843,9.1000002e-06,9.5343576e-06,0.00015000001,0.00015673542
252,0.16365081,0.16365661,5.7965517e-06,0.00011,0.0002576774,1.0000001e-05,7.8900039e-06,0.00022999999,0.00021815451
253,0.16361733,0.16362296,5.6326389e-06,9.0000001e-05,0.00025766206,1.0000001e-05,7.8893099e-06,0.00022999999,0.00021818302
254,0.12802853,0.12804297,1.4439225e-05,0.00022999999,0.00028649607,4.0999998e-06,7.5322373e-06,0.00029,0.0002741158
255,0.096389093,0.096400075,1.0982156e-05,0.00018999999,0.00032081682,4.0999998e-06,8.0668315e-06,0.00037999998,0.00036163707
256,0.085970677,0.08597856,7.8827143e-06,0.00034,0.00034329071,4.0999998e-06,8.1306398e-06,0.00041000001,0.00039427268
257,0.10776018,0.10777652,1.6346574e-05,8.0000005e-05,0.00030557776,9.1000002e-06,7.8680696e-06,0.00033000001,0.00032938048
258,0.13302259,0.13305736,3.4764409e-05,0.00025000001,0.00028140424,1.0000001e-05,7.525593e-06,0.00027999998,0.00026411124
259,0.11885823,0.1188508,7.4282289e-06,7.0000002e-05,0.00029578831,9.1000002e-06,7.6688912e-06,0.00029999999,0.00029954521
260,0.13326834,0.13329352,2.5182962e-05,0.00018999999,0.00028116058,9.1000002e-06,7.5268654e-06,0.00026999999,0.00026374304
261,0.10508335,0.10508907,5.7220459e-06,0.00021,0.00030854554,4.0999998e-06,7.9195834e-06,0.00035000002,0.00033664421
262,0.15061247,0.15064409,3.1620264e-05,7.0000002e-05,0.00026412448,9.1000002e-06,7.7029745e-06,0.00024000001,0.00023621437
263,0.099060543,0.099068075,7.532537e-06,0.00031999999,0.00031639606,1.0000001e-05,8.0358896e-06,0.00036999999,0.00035346128
264,0.10462561,0.10462882,3.2112002e-06,0.00027999998,0.00030909744,5.0000003e-06,7.9286992e-06,0.00034,0.00033789009
265,0.1050461,0.1050516,5.4985285e-06,7.0000002e-05,0.00030859048,1.0000001e-05,7.9203255e-06,0.00035000002,0.00033674564
266,0.10507382,0.10507948,5.6624413e-06,0.00033000001,0.00030855704,4.0999998e-06,7.9197735e-06,0.00035000002,0.00033667017
267,0.14359978,0.1437296,0.00012981892,0.00022,0.00027104784,1.0000001e-05,7.6199967e-06,0.00026,0.00024745977
268,0.13810661,0.13808975,1.6868114e-05,0.00023999999,0.0002764739,1.0000001e-05,7.5551375e-06,0.00026999999,0.00025626901
269,0.16509072,0.165104,1.3276935e-05,0.00020000001,0.00025833951,9.1000002e-06,7.9198235e-06,0.00022,0.0002169283
270,0.10457782,0.10458077,2.9429793e-06,0.00023999999,0.00030915506,9.1000002e-06,7.9296524e-06,0.00034,0.00033802012
271,0.19334362,0.19327462,6.9007277e-05,8.0000005e-05,0.00027313281,5.0000003e-06,8.4946132e-06,0.00018999999,0.00019278149
272,0.10133354,0.10131869,1.4841557e-05,0.00026999999,0.00031306691,9.1000002e-06,7.9942656e-06,0.00035000002,0.00034685023
273,0.085911535,0.08591935,7.815659e-06,0.00027999998,0.00034343862,1.0000001e-05,8.1314929e-06,0.00041000001,0.00039446651
274,0.083813347,0.083819181,5.8338046e-06,0.00026999999,0.00034868487,4.0999998e-06,8.1617836e-06,0.00042,0.00040134037
275,0.30018872,0.30014771,4.1007996e-05,8.0000005e-05,0.00034429357,1.0000001e-05,9.9390172e-06,0.00013,0.00013443736
276,0.10177857,0.10176617,1.2405217e-05,0.00027999998,0.00031253032,4.0999998e-06,7.9854017e-06,0.00036000001,0.00034563898
277,0.085920885,0.085928716,7.8305602e-06,0.00031,0.00034341525,4.0999998e-06,8.1313574e-06,0.00041000001,0.0003944358
278,0.083782844,0.083788663,5.8189034e-06,0.00015000001,0.00034876112,4.0999998e-06,8.1622247e-06,0.00042,0.00040144025
279,0.14385591,0.14399533,0.00013941526,0.00014,0.00027079496,4.0999998e-06,7.6230281e-06,0.00026,0.00024704906
280,0.20490517,0.20506306,0.0001578927,7.0000002e-05,0.00027918033,9.1000002e-06,8.7375802e-06,0.00018,0.00018276245
281,0.088288978,0.08829961,1.0631979e-05,0.00026,0.00033819495,1.0000001e-05,8.1172129e-06,0.00040000002,0.00038689995
282,0.14442211,0.14458276,0.00016064942,0.00022,0.00027023599,5.0000003e-06,7.6297274e-06,0.00025000001,0.00024614111
283,0.2892881,0.28926703,2.1070242e-05,0.00011,0.00033788875,5.0000003e-06,9.8696346e-06,0.00013,0.00013883474
284,0.17373075,0.17378885,5.8099627e-05,0.0001,0.00026231215,9.1000002e-06,8.0987556e-06,0.00021,0.00020957057
285,0.10458609,0.10458907,2.9876828e-06,0.00023999999,0.00030914514,5.0000003e-06,7.9294878e-06,0.00034,0.00033799768
286,0.11917301,0.11916273,1.0281801e-05,0.00018999999,0.00029549349,5.0000003e-06,7.6628667e-06,0.00029999999,0.00029870332
287,0.12363523,0.12364575,1.052022e-05,0.00011,0.00029118132,9.1000002e-06,7.5858484e-06,0.00029,0.00028662456
288,0.10161385,0.10160054,1.3306737e-05,0.00033000001,0.00031272892,1.0000001e-05,7.9886831e-06,0.00036000001,0.00034608727
289,0.180135,0.18014693,1.193583e-05,0.00012,0.00026525682,1.0000001e-05,8.2313836e-06,0.00021,0.00020411678
290,0.19333768,0.19326869,6.8992376e-05,9.0000001e-05,0.00027312883,5.0000003e-06,8.4944968e-06,0.00018999999,0.00019278663
