selection_method,variation,split_seed,fraction,training_percent,n_samples,seed,hyperparameter_source,surrogate_training_mode,saved_surrogate_model_path,surrogate_dense_units,surrogate_optimizer,surrogate_learning_rate,surrogate_dropout_rate,surrogate_l2_reg,surrogate_use_batchnorm,surrogate_reconstruction_loss,surrogate_best_val_loss,surrogate_best_epoch,surrogate_tuner_trials,surrogate_batch_size,surrogate_early_stopping_patience,surrogate_train_omega_q_mean_pct,surrogate_train_alpha_mean_pct,surrogate_train_mean_hamiltonian_pct,surrogate_val_omega_q_mean_pct,surrogate_val_alpha_mean_pct,surrogate_val_mean_hamiltonian_pct,surrogate_test_omega_q_mean_pct,surrogate_test_alpha_mean_pct,surrogate_test_mean_hamiltonian_pct,surrogate_tuner_seed,surrogate_tuner_best_val_loss,surrogate_tuner_best_epoch
uniform_random_split_nested_random_subsets_diagnostic,surrogate_only_tuned_hp,42,0.2,20.0,270,1,keras_tuner_per_slice (surrogate_only_tuned_hp),keras_tuner_per_slice,/home/olivias/ML_qubit_design/experiments/model_predict_qubit_TransmonCross_Hamiltonian_params/model/uniform_diagnostic_sweep/surrogate_only_tuned_hp/fraction_020pct_seed1_surrogate.keras,[960],Adam,0.0583462060753953,0.0,0.0001365849791581,False,mae,0.0044356295838952,396,50,128,60,0.2488164061221295,0.5718752407983057,0.4103458234602176,0.299343724724251,0.7332905386744151,0.516317131699333,0.3040484273052904,0.7950432908311112,0.5495458590682009,,,
uniform_random_split_nested_random_subsets_diagnostic,surrogate_only_tuned_hp,42,0.4,40.0,541,1,keras_tuner_per_slice (surrogate_only_tuned_hp),keras_tuner_per_slice,/home/olivias/ML_qubit_design/experiments/model_predict_qubit_TransmonCross_Hamiltonian_params/model/uniform_diagnostic_sweep/surrogate_only_tuned_hp/fraction_040pct_seed1_surrogate.keras,[960],Adam,0.0361270324330325,0.0,0.0002929223099814,False,mae,0.0031094700098037,399,50,128,60,0.1578439824284945,0.4436889158037708,0.3007664491161326,0.1508648728187405,0.4905309575212083,0.3206979151699745,0.1732963296255268,0.5383933534978886,0.3558448415617077,,,
uniform_random_split_nested_random_subsets_diagnostic,surrogate_only_tuned_hp,42,0.6,60.0,811,1,keras_tuner_per_slice (surrogate_only_tuned_hp),keras_tuner_per_slice,/home/olivias/ML_qubit_design/experiments/model_predict_qubit_TransmonCross_Hamiltonian_params/model/uniform_diagnostic_sweep/surrogate_only_tuned_hp/fraction_060pct_seed1_surrogate.keras,[1024],Adam,0.045633252060101,0.0,5.707813813952026e-05,False,mae,0.0024189830292016,395,50,128,60,0.1661259148380745,0.4043590424045857,0.2852424786213301,0.1599920987870615,0.4001643357965125,0.280078217291787,0.1750887461198906,0.4597357576037847,0.3174122518618377,,,
uniform_random_split_nested_random_subsets_diagnostic,surrogate_only_tuned_hp,42,0.8,80.0,1082,1,keras_tuner_per_slice (surrogate_only_tuned_hp),keras_tuner_per_slice,/home/olivias/ML_qubit_design/experiments/model_predict_qubit_TransmonCross_Hamiltonian_params/model/uniform_diagnostic_sweep/surrogate_only_tuned_hp/fraction_080pct_seed1_surrogate.keras,[256],Adam,0.055953792446603,0.0,1.7037542631548903e-05,False,mae,0.001927672419697,383,50,128,60,0.1320471337491279,0.330918513703735,0.2314828237264315,0.143530296359417,0.3710330017585223,0.2572816490589696,0.1393228303170785,0.3733496783476782,0.2563362543323784,,,
uniform_random_split_nested_random_subsets_diagnostic,surrogate_only_tuned_hp,42,1.0,100.0,1352,1,keras_tuner_per_slice (surrogate_only_tuned_hp),keras_tuner_per_slice,/home/olivias/ML_qubit_design/experiments/model_predict_qubit_TransmonCross_Hamiltonian_params/model/uniform_diagnostic_sweep/surrogate_only_tuned_hp/fraction_100pct_seed1_surrogate.keras,[512],Adam,0.0461143025024756,0.0,1e-05,False,mae,0.0017927594017237,394,50,128,60,0.1438945395064766,0.3482379801127027,0.2460662598095896,0.1383360937203869,0.3237318657684087,0.2310339797443978,0.1399829966348623,0.3663866627334927,0.2531848296841775,,,
uniform_random_split_nested_random_subsets_diagnostic,surrogate_only_tuned_hp,42,0.1,10.0,135,1,keras_tuner_per_fraction (surrogate_only_tuned_hp/frac010),keras_tuner_per_fraction_refit_per_seed,/home/olivias/ML_qubit_design/experiments/model_predict_qubit_TransmonCross_Hamiltonian_params/model/uniform_diagnostic_sweep/surrogate_only_tuned_hp/fraction_010pct_seed1_surrogate.keras,[1024],Adam,0.06316545817156533,0.0,0.0003351833310222223,False,mae,0.005829996429383755,395,100,128,60,0.26756279719488946,0.6604340108414504,0.4639984040181699,0.31897416999896894,0.8351096386075205,0.5770419043032446,0.3486272548589732,0.9618791777346453,0.6552532162968092,1.0,0.005993075668811798,397.0
uniform_random_split_nested_random_subsets_diagnostic,surrogate_only_tuned_hp,42,0.1,10.0,135,2,keras_tuner_per_fraction (surrogate_only_tuned_hp/frac010),keras_tuner_per_fraction_refit_per_seed,/home/olivias/ML_qubit_design/experiments/model_predict_qubit_TransmonCross_Hamiltonian_params/model/uniform_diagnostic_sweep/surrogate_only_tuned_hp/fraction_010pct_seed2_surrogate.keras,[1024],Adam,0.06316545817156533,0.0,0.0003351833310222223,False,mae,0.009645433165133,311,100,128,60,0.5420102609160513,1.3983664201335035,0.9701883405247776,0.712353261034371,1.826375224362609,1.26936424269849,0.6500455547348354,1.642638052703756,1.1463418037192958,1.0,0.005993075668811798,397.0
uniform_random_split_nested_random_subsets_diagnostic,surrogate_only_tuned_hp,42,0.1,10.0,135,3,keras_tuner_per_fraction (surrogate_only_tuned_hp/frac010),keras_tuner_per_fraction_refit_per_seed,/home/olivias/ML_qubit_design/experiments/model_predict_qubit_TransmonCross_Hamiltonian_params/model/uniform_diagnostic_sweep/surrogate_only_tuned_hp/fraction_010pct_seed3_surrogate.keras,[1024],Adam,0.06316545817156533,0.0,0.0003351833310222223,False,mae,0.006157444324344397,389,100,128,60,0.2405135933974892,0.6127380859411548,0.42662583966932194,0.30577110475438546,0.8936251425200077,0.5996981236371965,0.3190335220801561,0.9123184330731539,0.6156759775766549,1.0,0.005993075668811798,397.0
uniform_random_split_nested_random_subsets_diagnostic,surrogate_only_tuned_hp,42,0.1,10.0,135,4,keras_tuner_per_fraction (surrogate_only_tuned_hp/frac010),keras_tuner_per_fraction_refit_per_seed,/home/olivias/ML_qubit_design/experiments/model_predict_qubit_TransmonCross_Hamiltonian_params/model/uniform_diagnostic_sweep/surrogate_only_tuned_hp/fraction_010pct_seed4_surrogate.keras,[1024],Adam,0.06316545817156533,0.0,0.0003351833310222223,False,mae,0.007823620922863483,396,100,128,60,0.3794812049453703,0.9052571745072537,0.642369189726312,0.4932226979880494,1.1082112437866638,0.8007169708873565,0.4897292933533567,1.3253162537190912,0.9075227735362241,1.0,0.005993075668811798,397.0
uniform_random_split_nested_random_subsets_diagnostic,surrogate_only_tuned_hp,42,0.1,10.0,135,5,keras_tuner_per_fraction (surrogate_only_tuned_hp/frac010),keras_tuner_per_fraction_refit_per_seed,/home/olivias/ML_qubit_design/experiments/model_predict_qubit_TransmonCross_Hamiltonian_params/model/uniform_diagnostic_sweep/surrogate_only_tuned_hp/fraction_010pct_seed5_surrogate.keras,[1024],Adam,0.06316545817156533,0.0,0.0003351833310222223,False,mae,0.006853081285953522,336,100,128,60,0.3399454672300494,0.725645181367184,0.5327953242986168,0.49024511024041173,1.0653702038348827,0.7778076570376473,0.467943097359855,1.0076150675967492,0.7377790824783022,1.0,0.005993075668811798,397.0
uniform_random_split_nested_random_subsets_diagnostic,surrogate_only_tuned_hp,42,0.2,20.0,270,2,keras_tuner_per_fraction (surrogate_only_tuned_hp/frac020),keras_tuner_per_fraction_refit_per_seed,/home/olivias/ML_qubit_design/experiments/model_predict_qubit_TransmonCross_Hamiltonian_params/model/uniform_diagnostic_sweep/surrogate_only_tuned_hp/fraction_020pct_seed2_surrogate.keras,[768],Adam,0.047080013937800654,0.0,0.00036297766179512077,False,mae,0.005026478320360184,372,100,128,60,0.21816404014400032,0.5343060568500388,0.37623504849701955,0.2569731078276963,0.6539498964009858,0.4554615021143411,0.2941390295465811,0.7590448017441687,0.5265919156453749,1.0,0.0046488335356116295,281.0
uniform_random_split_nested_random_subsets_diagnostic,surrogate_only_tuned_hp,42,0.2,20.0,270,3,keras_tuner_per_fraction (surrogate_only_tuned_hp/frac020),keras_tuner_per_fraction_refit_per_seed,/home/olivias/ML_qubit_design/experiments/model_predict_qubit_TransmonCross_Hamiltonian_params/model/uniform_diagnostic_sweep/surrogate_only_tuned_hp/fraction_020pct_seed3_surrogate.keras,[768],Adam,0.047080013937800654,0.0,0.00036297766179512077,False,mae,0.004711624700576067,368,100,128,60,0.18051590285817837,0.5459303646451771,0.36322313375167775,0.20336903586341368,0.6828706925441882,0.44311986420380095,0.22188842565401365,0.7469253502476342,0.4844068879508239,1.0,0.0046488335356116295,281.0
uniform_random_split_nested_random_subsets_diagnostic,surrogate_only_tuned_hp,42,0.2,20.0,270,4,keras_tuner_per_fraction (surrogate_only_tuned_hp/frac020),keras_tuner_per_fraction_refit_per_seed,/home/olivias/ML_qubit_design/experiments/model_predict_qubit_TransmonCross_Hamiltonian_params/model/uniform_diagnostic_sweep/surrogate_only_tuned_hp/fraction_020pct_seed4_surrogate.keras,[768],Adam,0.047080013937800654,0.0,0.00036297766179512077,False,mae,0.005080409348011017,333,100,128,60,0.19091212264269272,0.47619381493004975,0.33355296878637125,0.24481867453230213,0.5948009352289164,0.4198098048806093,0.23489312231688114,0.6172801458838455,0.4260866341003633,1.0,0.0046488335356116295,281.0
uniform_random_split_nested_random_subsets_diagnostic,surrogate_only_tuned_hp,42,0.2,20.0,270,5,keras_tuner_per_fraction (surrogate_only_tuned_hp/frac020),keras_tuner_per_fraction_refit_per_seed,/home/olivias/ML_qubit_design/experiments/model_predict_qubit_TransmonCross_Hamiltonian_params/model/uniform_diagnostic_sweep/surrogate_only_tuned_hp/fraction_020pct_seed5_surrogate.keras,[768],Adam,0.047080013937800654,0.0,0.00036297766179512077,False,mae,0.004530018195509911,380,100,128,60,0.17910950867219974,0.457693111776711,0.3184013102244554,0.23804652114936034,0.5850615462098007,0.41155403367958054,0.23201197208826857,0.6079606948212484,0.4199863334547585,1.0,0.0046488335356116295,281.0
uniform_random_split_nested_random_subsets_diagnostic,surrogate_only_tuned_hp,42,0.3,30.0,406,1,keras_tuner_per_fraction (surrogate_only_tuned_hp/frac030),keras_tuner_per_fraction_refit_per_seed,/home/olivias/ML_qubit_design/experiments/model_predict_qubit_TransmonCross_Hamiltonian_params/model/uniform_diagnostic_sweep/surrogate_only_tuned_hp/fraction_030pct_seed1_surrogate.keras,[928],Adam,0.0399697328160044,0.0,0.00014959527828999888,False,mae,0.003588135354220867,395,100,128,60,0.16349399572876663,0.3856515304617585,0.2745727630952625,0.1870179215565834,0.458302742735573,0.3226603321460782,0.1912942089665537,0.49195294930448774,0.3416235791355207,1.0,0.0031297854147851467,398.0
uniform_random_split_nested_random_subsets_diagnostic,surrogate_only_tuned_hp,42,0.3,30.0,406,2,keras_tuner_per_fraction (surrogate_only_tuned_hp/frac030),keras_tuner_per_fraction_refit_per_seed,/home/olivias/ML_qubit_design/experiments/model_predict_qubit_TransmonCross_Hamiltonian_params/model/uniform_diagnostic_sweep/surrogate_only_tuned_hp/fraction_030pct_seed2_surrogate.keras,[928],Adam,0.0399697328160044,0.0,0.00014959527828999888,False,mae,0.0037306665908545256,392,100,128,60,0.15610961009331156,0.3922749381195622,0.27419227410643693,0.17495674552660948,0.48125085017965535,0.32810379785313243,0.18963794298603498,0.5214782369122638,0.35555808994914934,1.0,0.0031297854147851467,398.0
uniform_random_split_nested_random_subsets_diagnostic,surrogate_only_tuned_hp,42,0.3,30.0,406,3,keras_tuner_per_fraction (surrogate_only_tuned_hp/frac030),keras_tuner_per_fraction_refit_per_seed,/home/olivias/ML_qubit_design/experiments/model_predict_qubit_TransmonCross_Hamiltonian_params/model/uniform_diagnostic_sweep/surrogate_only_tuned_hp/fraction_030pct_seed3_surrogate.keras,[928],Adam,0.0399697328160044,0.0,0.00014959527828999888,False,mae,0.0031422232277691364,389,100,128,60,0.16476729442159843,0.44100309377357655,0.3028851940975875,0.18624670674880867,0.514211252586223,0.35022897966751587,0.2029811455435952,0.5755943331922844,0.3892877393679398,1.0,0.0031297854147851467,398.0
uniform_random_split_nested_random_subsets_diagnostic,surrogate_only_tuned_hp,42,0.3,30.0,406,4,keras_tuner_per_fraction (surrogate_only_tuned_hp/frac030),keras_tuner_per_fraction_refit_per_seed,/home/olivias/ML_qubit_design/experiments/model_predict_qubit_TransmonCross_Hamiltonian_params/model/uniform_diagnostic_sweep/surrogate_only_tuned_hp/fraction_030pct_seed4_surrogate.keras,[928],Adam,0.0399697328160044,0.0,0.00014959527828999888,False,mae,0.004058952443301678,396,100,128,60,0.19175519644928715,0.5212403573615962,0.35649777690544177,0.21638932784957823,0.6204169443876495,0.4184031361186139,0.24980384615928536,0.6798590131723128,0.4648314296657991,1.0,0.0031297854147851467,398.0
uniform_random_split_nested_random_subsets_diagnostic,surrogate_only_tuned_hp,42,0.3,30.0,406,5,keras_tuner_per_fraction (surrogate_only_tuned_hp/frac030),keras_tuner_per_fraction_refit_per_seed,/home/olivias/ML_qubit_design/experiments/model_predict_qubit_TransmonCross_Hamiltonian_params/model/uniform_diagnostic_sweep/surrogate_only_tuned_hp/fraction_030pct_seed5_surrogate.keras,[928],Adam,0.0399697328160044,0.0,0.00014959527828999888,False,mae,0.004015484359115362,307,100,128,60,0.15849738312434114,0.4114170469208741,0.2849572150226076,0.18196729434611802,0.5113446040539338,0.3466559492000259,0.2004099330844924,0.5785820331971602,0.3894959831408263,1.0,0.0031297854147851467,398.0
uniform_random_split_nested_random_subsets_diagnostic,surrogate_only_tuned_hp,42,0.4,40.0,541,2,keras_tuner_per_fraction (surrogate_only_tuned_hp/frac040),keras_tuner_per_fraction_refit_per_seed,/home/olivias/ML_qubit_design/experiments/model_predict_qubit_TransmonCross_Hamiltonian_params/model/uniform_diagnostic_sweep/surrogate_only_tuned_hp/fraction_040pct_seed2_surrogate.keras,[736],Adam,0.03984548388674936,0.0,0.0001160104812858322,False,mae,0.0029359939508140087,367,100,128,60,0.1632491305693877,0.38865544645585404,0.2759522885126209,0.1682007850676667,0.42906842807251755,0.29863460657009216,0.16842950024107856,0.46098959825801233,0.3147095492495455,1.0,0.0028763823211193085,381.0
uniform_random_split_nested_random_subsets_diagnostic,surrogate_only_tuned_hp,42,0.4,40.0,541,3,keras_tuner_per_fraction (surrogate_only_tuned_hp/frac040),keras_tuner_per_fraction_refit_per_seed,/home/olivias/ML_qubit_design/experiments/model_predict_qubit_TransmonCross_Hamiltonian_params/model/uniform_diagnostic_sweep/surrogate_only_tuned_hp/fraction_040pct_seed3_surrogate.keras,[736],Adam,0.03984548388674936,0.0,0.0001160104812858322,False,mae,0.003289184533059597,384,100,128,60,0.16527588161890494,0.41679577576945614,0.29103582869418054,0.17789948999363553,0.49257704931325497,0.3352382696534452,0.1878553936149012,0.5005974609925078,0.3442264273037045,1.0,0.0028763823211193085,381.0
uniform_random_split_nested_random_subsets_diagnostic,surrogate_only_tuned_hp,42,0.4,40.0,541,4,keras_tuner_per_fraction (surrogate_only_tuned_hp/frac040),keras_tuner_per_fraction_refit_per_seed,/home/olivias/ML_qubit_design/experiments/model_predict_qubit_TransmonCross_Hamiltonian_params/model/uniform_diagnostic_sweep/surrogate_only_tuned_hp/fraction_040pct_seed4_surrogate.keras,[736],Adam,0.03984548388674936,0.0,0.0001160104812858322,False,mae,0.0046654436737298965,356,100,128,60,0.16603391203088674,0.41627327476521236,0.2911535933980495,0.1932458495760367,0.5234970201243535,0.35837143485019507,0.1964348848258282,0.5255938783871996,0.3610143816065139,1.0,0.0028763823211193085,381.0
uniform_random_split_nested_random_subsets_diagnostic,surrogate_only_tuned_hp,42,0.4,40.0,541,5,keras_tuner_per_fraction (surrogate_only_tuned_hp/frac040),keras_tuner_per_fraction_refit_per_seed,/home/olivias/ML_qubit_design/experiments/model_predict_qubit_TransmonCross_Hamiltonian_params/model/uniform_diagnostic_sweep/surrogate_only_tuned_hp/fraction_040pct_seed5_surrogate.keras,[736],Adam,0.03984548388674936,0.0,0.0001160104812858322,False,mae,0.0027572978287935257,397,100,128,60,0.181776602148849,0.4745544105456701,0.32816550634725955,0.1776913006762609,0.4649002836704842,0.32129579217337256,0.18928980773831663,0.5373670618345092,0.36332843478641297,1.0,0.0028763823211193085,381.0
uniform_random_split_nested_random_subsets_diagnostic,surrogate_only_tuned_hp,42,0.5,50.0,676,1,keras_tuner_per_fraction (surrogate_only_tuned_hp/frac050),keras_tuner_per_fraction_refit_per_seed,/home/olivias/ML_qubit_design/experiments/model_predict_qubit_TransmonCross_Hamiltonian_params/model/uniform_diagnostic_sweep/surrogate_only_tuned_hp/fraction_050pct_seed1_surrogate.keras,[800],Adam,0.036642380494337004,0.0,3.351626848969214e-05,False,mae,0.002902684733271599,398,100,128,60,0.1240933643054305,0.3307237460208118,0.22740855516312114,0.130466381993901,0.36903817171186165,0.24975227685288134,0.1335988194619967,0.3422978112982509,0.23794831538012376,1.0,0.002441645599901676,386.0
uniform_random_split_nested_random_subsets_diagnostic,surrogate_only_tuned_hp,42,0.5,50.0,676,2,keras_tuner_per_fraction (surrogate_only_tuned_hp/frac050),keras_tuner_per_fraction_refit_per_seed,/home/olivias/ML_qubit_design/experiments/model_predict_qubit_TransmonCross_Hamiltonian_params/model/uniform_diagnostic_sweep/surrogate_only_tuned_hp/fraction_050pct_seed2_surrogate.keras,[800],Adam,0.036642380494337004,0.0,3.351626848969214e-05,False,mae,0.0032750617247074842,381,100,128,60,0.1587074931217659,0.38275936095605984,0.27073342703891284,0.18510411126406523,0.44997132333105644,0.31753771729756086,0.18850837664388045,0.4658079757425957,0.3271581761932381,1.0,0.002441645599901676,386.0
uniform_random_split_nested_random_subsets_diagnostic,surrogate_only_tuned_hp,42,0.5,50.0,676,3,keras_tuner_per_fraction (surrogate_only_tuned_hp/frac050),keras_tuner_per_fraction_refit_per_seed,/home/olivias/ML_qubit_design/experiments/model_predict_qubit_TransmonCross_Hamiltonian_params/model/uniform_diagnostic_sweep/surrogate_only_tuned_hp/fraction_050pct_seed3_surrogate.keras,[800],Adam,0.036642380494337004,0.0,3.351626848969214e-05,False,mae,0.0030822756234556437,395,100,128,60,0.1475540536642187,0.37148940424426724,0.2595217289542429,0.15479819879302428,0.4065459666641994,0.2806720827286119,0.15815436694318785,0.43226051276662514,0.29520743985490644,1.0,0.002441645599901676,386.0
uniform_random_split_nested_random_subsets_diagnostic,surrogate_only_tuned_hp,42,0.5,50.0,676,4,keras_tuner_per_fraction (surrogate_only_tuned_hp/frac050),keras_tuner_per_fraction_refit_per_seed,/home/olivias/ML_qubit_design/experiments/model_predict_qubit_TransmonCross_Hamiltonian_params/model/uniform_diagnostic_sweep/surrogate_only_tuned_hp/fraction_050pct_seed4_surrogate.keras,[800],Adam,0.036642380494337004,0.0,3.351626848969214e-05,False,mae,0.004260338377207518,368,100,128,60,0.15252584117864765,0.37443391875322074,0.2634798799659342,0.16429086925777148,0.44278176968868616,0.3035363194732288,0.16008686664740351,0.4341646789841167,0.2971257728157601,1.0,0.002441645599901676,386.0
uniform_random_split_nested_random_subsets_diagnostic,surrogate_only_tuned_hp,42,0.5,50.0,676,5,keras_tuner_per_fraction (surrogate_only_tuned_hp/frac050),keras_tuner_per_fraction_refit_per_seed,/home/olivias/ML_qubit_design/experiments/model_predict_qubit_TransmonCross_Hamiltonian_params/model/uniform_diagnostic_sweep/surrogate_only_tuned_hp/fraction_050pct_seed5_surrogate.keras,[800],Adam,0.036642380494337004,0.0,3.351626848969214e-05,False,mae,0.00383190275169909,398,100,128,60,0.14366854926075398,0.3507848230635369,0.24722668616214546,0.16536515906457316,0.42338132860687466,0.2943732438357239,0.16237087097390138,0.42528481189609996,0.2938278414350007,1.0,0.002441645599901676,386.0
uniform_random_split_nested_random_subsets_diagnostic,surrogate_only_tuned_hp,42,0.6,60.0,811,2,keras_tuner_per_fraction (surrogate_only_tuned_hp/frac060),keras_tuner_per_fraction_refit_per_seed,/home/olivias/ML_qubit_design/experiments/model_predict_qubit_TransmonCross_Hamiltonian_params/model/uniform_diagnostic_sweep/surrogate_only_tuned_hp/fraction_060pct_seed2_surrogate.keras,[832],Adam,0.0385741048756979,0.0,5.62295398938846e-05,False,mae,0.0028805111069232225,383,100,128,60,0.13227669848275442,0.31991253645524426,0.22609461746899934,0.1544975935521524,0.3656489024391646,0.2600732479956585,0.12898309366688746,0.32170587798504946,0.22534448582596847,1.0,0.002324081491678953,399.0
uniform_random_split_nested_random_subsets_diagnostic,surrogate_only_tuned_hp,42,0.6,60.0,811,3,keras_tuner_per_fraction (surrogate_only_tuned_hp/frac060),keras_tuner_per_fraction_refit_per_seed,/home/olivias/ML_qubit_design/experiments/model_predict_qubit_TransmonCross_Hamiltonian_params/model/uniform_diagnostic_sweep/surrogate_only_tuned_hp/fraction_060pct_seed3_surrogate.keras,[832],Adam,0.0385741048756979,0.0,5.62295398938846e-05,False,mae,0.0027032620273530483,398,100,128,60,0.15969680904452313,0.40612263193846426,0.28290972049149377,0.1699149741699772,0.43026848907179305,0.30009173162088515,0.1612889713256125,0.43258113339367427,0.2969350523596434,1.0,0.002324081491678953,399.0
uniform_random_split_nested_random_subsets_diagnostic,surrogate_only_tuned_hp,42,0.6,60.0,811,4,keras_tuner_per_fraction (surrogate_only_tuned_hp/frac060),keras_tuner_per_fraction_refit_per_seed,/home/olivias/ML_qubit_design/experiments/model_predict_qubit_TransmonCross_Hamiltonian_params/model/uniform_diagnostic_sweep/surrogate_only_tuned_hp/fraction_060pct_seed4_surrogate.keras,[832],Adam,0.0385741048756979,0.0,5.62295398938846e-05,False,mae,0.002442561089992523,394,100,128,60,0.14598894744983446,0.35714031800254076,0.25156463272618756,0.1538587383884962,0.36765851491127194,0.2607586266498841,0.16287207516283125,0.4022421738126628,0.28255712448774706,1.0,0.002324081491678953,399.0
uniform_random_split_nested_random_subsets_diagnostic,surrogate_only_tuned_hp,42,0.6,60.0,811,5,keras_tuner_per_fraction (surrogate_only_tuned_hp/frac060),keras_tuner_per_fraction_refit_per_seed,/home/olivias/ML_qubit_design/experiments/model_predict_qubit_TransmonCross_Hamiltonian_params/model/uniform_diagnostic_sweep/surrogate_only_tuned_hp/fraction_060pct_seed5_surrogate.keras,[832],Adam,0.0385741048756979,0.0,5.62295398938846e-05,False,mae,0.0027081517037004232,398,100,128,60,0.16332905361016914,0.43420862868299476,0.298768841146582,0.16604041138663392,0.4555554318303955,0.3107979216085147,0.17324358383116317,0.48955202083847377,0.3313978023348184,1.0,0.002324081491678953,399.0
uniform_random_split_nested_random_subsets_diagnostic,surrogate_only_tuned_hp,42,0.7,70.0,946,1,keras_tuner_per_fraction (surrogate_only_tuned_hp/frac070),keras_tuner_per_fraction_refit_per_seed,/home/olivias/ML_qubit_design/experiments/model_predict_qubit_TransmonCross_Hamiltonian_params/model/uniform_diagnostic_sweep/surrogate_only_tuned_hp/fraction_070pct_seed1_surrogate.keras,[544],Adam,0.04327994193623839,0.0,4.361008146762154e-05,False,mae,0.002423251513391733,385,100,128,60,0.15263334746861726,0.4485569287949227,0.30059513813177,0.15296012545558965,0.4700304810434072,0.31149530324949837,0.15959689618425135,0.4904910659967963,0.32504398109052385,1.0,0.0021889558993279934,398.0
uniform_random_split_nested_random_subsets_diagnostic,surrogate_only_tuned_hp,42,0.7,70.0,946,2,keras_tuner_per_fraction (surrogate_only_tuned_hp/frac070),keras_tuner_per_fraction_refit_per_seed,/home/olivias/ML_qubit_design/experiments/model_predict_qubit_TransmonCross_Hamiltonian_params/model/uniform_diagnostic_sweep/surrogate_only_tuned_hp/fraction_070pct_seed2_surrogate.keras,[544],Adam,0.04327994193623839,0.0,4.361008146762154e-05,False,mae,0.002216049935668707,399,100,128,60,0.12376099080752356,0.3464577615050535,0.23510937615628852,0.13953178962219764,0.3743302153716113,0.2569310024969045,0.1274516186390794,0.360983856901677,0.24421773777037814,1.0,0.0021889558993279934,398.0
uniform_random_split_nested_random_subsets_diagnostic,surrogate_only_tuned_hp,42,0.7,70.0,946,3,keras_tuner_per_fraction (surrogate_only_tuned_hp/frac070),keras_tuner_per_fraction_refit_per_seed,/home/olivias/ML_qubit_design/experiments/model_predict_qubit_TransmonCross_Hamiltonian_params/model/uniform_diagnostic_sweep/surrogate_only_tuned_hp/fraction_070pct_seed3_surrogate.keras,[544],Adam,0.04327994193623839,0.0,4.361008146762154e-05,False,mae,0.0022068822290748358,398,100,128,60,0.1010660332001615,0.309467737827898,0.20526688551402977,0.10635968657134126,0.3191125434882847,0.21273611502981296,0.10714910272463299,0.3455106058418131,0.22632985428322305,1.0,0.0021889558993279934,398.0
uniform_random_split_nested_random_subsets_diagnostic,surrogate_only_tuned_hp,42,0.7,70.0,946,4,keras_tuner_per_fraction (surrogate_only_tuned_hp/frac070),keras_tuner_per_fraction_refit_per_seed,/home/olivias/ML_qubit_design/experiments/model_predict_qubit_TransmonCross_Hamiltonian_params/model/uniform_diagnostic_sweep/surrogate_only_tuned_hp/fraction_070pct_seed4_surrogate.keras,[544],Adam,0.04327994193623839,0.0,4.361008146762154e-05,False,mae,0.002473431872203946,295,100,128,60,0.15238333145273092,0.3905513843635567,0.2714673579081438,0.1517051256193052,0.42095478880573545,0.2863299572125203,0.15187818276906676,0.41957364137026765,0.2857259120696672,1.0,0.0021889558993279934,398.0
uniform_random_split_nested_random_subsets_diagnostic,surrogate_only_tuned_hp,42,0.7,70.0,946,5,keras_tuner_per_fraction (surrogate_only_tuned_hp/frac070),keras_tuner_per_fraction_refit_per_seed,/home/olivias/ML_qubit_design/experiments/model_predict_qubit_TransmonCross_Hamiltonian_params/model/uniform_diagnostic_sweep/surrogate_only_tuned_hp/fraction_070pct_seed5_surrogate.keras,[544],Adam,0.04327994193623839,0.0,4.361008146762154e-05,False,mae,0.002748973434790969,359,100,128,60,0.1570020994122023,0.3853313526984425,0.2711667260553224,0.17735905021425474,0.4424924078085279,0.3099257290113913,0.1758070328272129,0.4394374754553042,0.30762225414125854,1.0,0.0021889558993279934,398.0
uniform_random_split_nested_random_subsets_diagnostic,surrogate_only_tuned_hp,42,0.8,80.0,1082,2,keras_tuner_per_fraction (surrogate_only_tuned_hp/frac080),keras_tuner_per_fraction_refit_per_seed,/home/olivias/ML_qubit_design/experiments/model_predict_qubit_TransmonCross_Hamiltonian_params/model/uniform_diagnostic_sweep/surrogate_only_tuned_hp/fraction_080pct_seed2_surrogate.keras,[928],Adam,0.047655650017381854,0.0,4.059226510289766e-05,False,mae,0.001912594074383378,371,100,128,60,0.13201114123906138,0.34475483816199703,0.23838298970052924,0.13546254153571682,0.3595031107516712,0.24748282614369402,0.1378387047447016,0.3821751198382257,0.26000691229146367,1.0,0.001995114842429757,319.0
uniform_random_split_nested_random_subsets_diagnostic,surrogate_only_tuned_hp,42,0.8,80.0,1082,3,keras_tuner_per_fraction (surrogate_only_tuned_hp/frac080),keras_tuner_per_fraction_refit_per_seed,/home/olivias/ML_qubit_design/experiments/model_predict_qubit_TransmonCross_Hamiltonian_params/model/uniform_diagnostic_sweep/surrogate_only_tuned_hp/fraction_080pct_seed3_surrogate.keras,[928],Adam,0.047655650017381854,0.0,4.059226510289766e-05,False,mae,0.002259418834000826,392,100,128,60,0.17673347793087163,0.4304992024250193,0.3036163401779454,0.1724040517882432,0.40778935014690143,0.2900967009675723,0.17280241035624458,0.4510582825947846,0.3119303464755146,1.0,0.001995114842429757,319.0
uniform_random_split_nested_random_subsets_diagnostic,surrogate_only_tuned_hp,42,0.8,80.0,1082,4,keras_tuner_per_fraction (surrogate_only_tuned_hp/frac080),keras_tuner_per_fraction_refit_per_seed,/home/olivias/ML_qubit_design/experiments/model_predict_qubit_TransmonCross_Hamiltonian_params/model/uniform_diagnostic_sweep/surrogate_only_tuned_hp/fraction_080pct_seed4_surrogate.keras,[928],Adam,0.047655650017381854,0.0,4.059226510289766e-05,False,mae,0.0025744813028723,339,100,128,60,0.1527961660367456,0.39074766823821044,0.27177191713747806,0.1674367834101256,0.4492112562228358,0.3083240198164808,0.1514133789743844,0.408191704200613,0.2798025415874987,1.0,0.001995114842429757,319.0
uniform_random_split_nested_random_subsets_diagnostic,surrogate_only_tuned_hp,42,0.8,80.0,1082,5,keras_tuner_per_fraction (surrogate_only_tuned_hp/frac080),keras_tuner_per_fraction_refit_per_seed,/home/olivias/ML_qubit_design/experiments/model_predict_qubit_TransmonCross_Hamiltonian_params/model/uniform_diagnostic_sweep/surrogate_only_tuned_hp/fraction_080pct_seed5_surrogate.keras,[928],Adam,0.047655650017381854,0.0,4.059226510289766e-05,False,mae,0.0020671316888183355,397,100,128,60,0.12268036874630336,0.3209822242261689,0.22183129648623612,0.12741952846846097,0.3078286100067574,0.21762406923760916,0.1195872146849348,0.3155676293225121,0.21757742200372343,1.0,0.001995114842429757,319.0
uniform_random_split_nested_random_subsets_diagnostic,surrogate_only_tuned_hp,42,0.9,90.0,1217,1,keras_tuner_per_fraction (surrogate_only_tuned_hp/frac090),keras_tuner_per_fraction_refit_per_seed,/home/olivias/ML_qubit_design/experiments/model_predict_qubit_TransmonCross_Hamiltonian_params/model/uniform_diagnostic_sweep/surrogate_only_tuned_hp/fraction_090pct_seed1_surrogate.keras,[224],Adam,0.05454978302483994,0.0,1e-05,False,mae,0.0022235021460801363,310,100,128,60,0.1666802653545486,0.42106076346349686,0.2938705144090228,0.17354326535179995,0.4475915684567049,0.3105674169042524,0.18788824102338902,0.4941280265272738,0.3410081337753314,1.0,0.0019275308586657047,377.0
uniform_random_split_nested_random_subsets_diagnostic,surrogate_only_tuned_hp,42,0.9,90.0,1217,2,keras_tuner_per_fraction (surrogate_only_tuned_hp/frac090),keras_tuner_per_fraction_refit_per_seed,/home/olivias/ML_qubit_design/experiments/model_predict_qubit_TransmonCross_Hamiltonian_params/model/uniform_diagnostic_sweep/surrogate_only_tuned_hp/fraction_090pct_seed2_surrogate.keras,[224],Adam,0.05454978302483994,0.0,1e-05,False,mae,0.002473445376381278,357,100,128,60,0.14201926964666506,0.34389388396290693,0.24295657680478597,0.1484297267539778,0.35707880670058245,0.25275426672728013,0.16571046727248032,0.41457948613731166,0.290144976704896,1.0,0.0019275308586657047,377.0
uniform_random_split_nested_random_subsets_diagnostic,surrogate_only_tuned_hp,42,0.9,90.0,1217,3,keras_tuner_per_fraction (surrogate_only_tuned_hp/frac090),keras_tuner_per_fraction_refit_per_seed,/home/olivias/ML_qubit_design/experiments/model_predict_qubit_TransmonCross_Hamiltonian_params/model/uniform_diagnostic_sweep/surrogate_only_tuned_hp/fraction_090pct_seed3_surrogate.keras,[224],Adam,0.05454978302483994,0.0,1e-05,False,mae,0.0022927741520106792,377,100,128,60,0.14647331268362093,0.3834575742173369,0.2649654434504789,0.15602253657606815,0.40773710434611204,0.2818798204610901,0.15550266222787487,0.42316419749921547,0.28933342986354516,1.0,0.0019275308586657047,377.0
uniform_random_split_nested_random_subsets_diagnostic,surrogate_only_tuned_hp,42,0.9,90.0,1217,4,keras_tuner_per_fraction (surrogate_only_tuned_hp/frac090),keras_tuner_per_fraction_refit_per_seed,/home/olivias/ML_qubit_design/experiments/model_predict_qubit_TransmonCross_Hamiltonian_params/model/uniform_diagnostic_sweep/surrogate_only_tuned_hp/fraction_090pct_seed4_surrogate.keras,[224],Adam,0.05454978302483994,0.0,1e-05,False,mae,0.001858981209807098,394,100,128,60,0.13028041545636948,0.3383728138516161,0.2343266146539928,0.13506127476437035,0.3438758846038006,0.2394685796840855,0.13627547347372804,0.3567337399300799,0.24650460670190397,1.0,0.0019275308586657047,377.0
uniform_random_split_nested_random_subsets_diagnostic,surrogate_only_tuned_hp,42,0.9,90.0,1217,5,keras_tuner_per_fraction (surrogate_only_tuned_hp/frac090),keras_tuner_per_fraction_refit_per_seed,/home/olivias/ML_qubit_design/experiments/model_predict_qubit_TransmonCross_Hamiltonian_params/model/uniform_diagnostic_sweep/surrogate_only_tuned_hp/fraction_090pct_seed5_surrogate.keras,[224],Adam,0.05454978302483994,0.0,1e-05,False,mae,0.001989642856642604,390,100,128,60,0.15167121725128588,0.37932412644912067,0.26549767185020334,0.16159779010262254,0.38418328958003306,0.2728905398413278,0.15712626135351146,0.39241616135965657,0.274771211356584,1.0,0.0019275308586657047,377.0
uniform_random_split_nested_random_subsets_diagnostic,surrogate_only_tuned_hp,42,1.0,100.0,1352,2,keras_tuner_per_fraction (surrogate_only_tuned_hp/frac100),keras_tuner_per_fraction_refit_per_seed,/home/olivias/ML_qubit_design/experiments/model_predict_qubit_TransmonCross_Hamiltonian_params/model/uniform_diagnostic_sweep/surrogate_only_tuned_hp/fraction_100pct_seed2_surrogate.keras,[608],Adam,0.04431776289013456,0.0,4.5977905573876666e-05,False,mae,0.002013416728004813,395,100,128,60,0.11284391141992425,0.2763311329517201,0.19458752218582218,0.10163043121003264,0.2551820342285859,0.17840623271930928,0.11593466702841566,0.2967249264033142,0.20632979671586493,1.0,0.0018816262017935514,381.0
uniform_random_split_nested_random_subsets_diagnostic,surrogate_only_tuned_hp,42,1.0,100.0,1352,3,keras_tuner_per_fraction (surrogate_only_tuned_hp/frac100),keras_tuner_per_fraction_refit_per_seed,/home/olivias/ML_qubit_design/experiments/model_predict_qubit_TransmonCross_Hamiltonian_params/model/uniform_diagnostic_sweep/surrogate_only_tuned_hp/fraction_100pct_seed3_surrogate.keras,[608],Adam,0.04431776289013456,0.0,4.5977905573876666e-05,False,mae,0.0020340271294116974,390,100,128,60,0.14113610620221909,0.30016616685340636,0.22065113652781274,0.14137959212199414,0.30139897516044767,0.22138928364122096,0.13774880059230768,0.32951158933445285,0.23363019496338025,1.0,0.0018816262017935514,381.0
uniform_random_split_nested_random_subsets_diagnostic,surrogate_only_tuned_hp,42,1.0,100.0,1352,4,keras_tuner_per_fraction (surrogate_only_tuned_hp/frac100),keras_tuner_per_fraction_refit_per_seed,/home/olivias/ML_qubit_design/experiments/model_predict_qubit_TransmonCross_Hamiltonian_params/model/uniform_diagnostic_sweep/surrogate_only_tuned_hp/fraction_100pct_seed4_surrogate.keras,[608],Adam,0.04431776289013456,0.0,4.5977905573876666e-05,False,mae,0.0018316683126613498,399,100,128,60,0.12763206216926856,0.3162773770186107,0.2219547195939396,0.11692734835287667,0.27583895967593175,0.1963831540144042,0.12194303624120688,0.3026011341296393,0.21227208518542307,1.0,0.0018816262017935514,381.0
uniform_random_split_nested_random_subsets_diagnostic,surrogate_only_tuned_hp,42,1.0,100.0,1352,5,keras_tuner_per_fraction (surrogate_only_tuned_hp/frac100),keras_tuner_per_fraction_refit_per_seed,/home/olivias/ML_qubit_design/experiments/model_predict_qubit_TransmonCross_Hamiltonian_params/model/uniform_diagnostic_sweep/surrogate_only_tuned_hp/fraction_100pct_seed5_surrogate.keras,[608],Adam,0.04431776289013456,0.0,4.5977905573876666e-05,False,mae,0.0019472443964332342,398,100,128,60,0.12904309984672752,0.3154078704809394,0.22222548516383345,0.12356005050187707,0.2991031477385258,0.21133159912020144,0.12853436407534644,0.3285526091724347,0.2285434866238906,1.0,0.0018816262017935514,381.0
