selection_method,fraction,training_percent,n_samples,seed,subset_nn_distance_min,subset_nn_distance_median,subset_nn_distance_max,train_omega_q_mean_pct,train_alpha_mean_pct,train_mean_hamiltonian_pct,val_omega_q_mean_pct,val_alpha_mean_pct,val_mean_hamiltonian_pct,test_omega_q_mean_pct,test_alpha_mean_pct,test_mean_hamiltonian_pct
far_to_near_by_heldout_geometry_nn_distance,0.05,5.0,68,0,0.06060606060606061,0.06060606060606066,0.09090909090909094,0.8608302347341761,2.527230825013345,1.6940305298737612,1.1584548600666016,3.384798528712672,2.271626694389637,1.2180143579281895,3.4127096218775934,2.315361989902891
far_to_near_by_heldout_geometry_nn_distance,0.05,5.0,68,1,0.06060606060606061,0.06060606060606066,0.09090909090909094,2.986586389360347,5.245464563391767,4.116025476376057,2.505363011150328,6.451611264220069,4.478487137685198,2.3550731490583527,6.110085744908683,4.232579446983517
far_to_near_by_heldout_geometry_nn_distance,0.05,5.0,68,2,0.06060606060606061,0.06060606060606066,0.09090909090909094,1.9791528926009643,2.628715423048284,2.3039341578246244,1.4952136559496771,3.5015187139129664,2.498366184931322,1.4274363975377462,3.4590650322120218,2.443250714874884
far_to_near_by_heldout_geometry_nn_distance,0.1,10.0,135,0,0.042854956435548375,0.06060606060606061,0.09090909090909094,0.49473119040395647,1.5162474785843743,1.0054893344941656,0.4908787744875683,1.5400480881367602,1.0154634313121642,0.512039161618218,1.4444504354297303,0.9782447985239742
far_to_near_by_heldout_geometry_nn_distance,0.1,10.0,135,1,0.042854956435548375,0.06060606060606061,0.09090909090909094,1.516635015740162,4.896530831690761,3.206582923715461,1.2482655603698618,6.3602559875101266,3.804260773939994,1.1739496377899754,6.318078367652612,3.746014002721294
far_to_near_by_heldout_geometry_nn_distance,0.1,10.0,135,2,0.042854956435548375,0.06060606060606061,0.09090909090909094,1.2770327208673855,2.8514225464836485,2.064227633675517,0.8971788794288049,3.047624274691634,1.97240157706022,0.8363220342144165,3.075648746108499,1.955985390161458
far_to_near_by_heldout_geometry_nn_distance,0.2,20.0,271,0,0.04285495643554832,0.042854956435548375,0.09090909090909094,0.19662872309803853,0.9954272632486445,0.5960279931733417,0.25008381092537646,1.0822831447713923,0.6661834778483843,0.2801694381254606,1.0805155753742164,0.6803425067498385
far_to_near_by_heldout_geometry_nn_distance,0.2,20.0,271,1,0.04285495643554832,0.042854956435548375,0.09090909090909094,0.8079075858279742,1.6171017981505014,1.2125046919892377,0.8031657830145312,1.9544861269918152,1.3788259550031732,0.8198338237639484,1.9514846853367875,1.385659254550368
far_to_near_by_heldout_geometry_nn_distance,0.2,20.0,271,2,0.04285495643554832,0.042854956435548375,0.09090909090909094,0.8457324494220242,2.3540984587986213,1.5999154541103227,0.7613004216639703,2.444414472780136,1.6028574472220531,0.7379002876677025,2.403958209112063,1.5709292483898827
far_to_near_by_heldout_geometry_nn_distance,0.3,30.0,406,0,0.030303030303030387,0.04285495643554834,0.09090909090909094,0.16358388581268565,0.9125912886899528,0.5380875872513192,0.17229259367380106,0.9361059626688785,0.5541992781713398,0.21387322631708008,0.9557811139755775,0.5848271701463288
far_to_near_by_heldout_geometry_nn_distance,0.3,30.0,406,1,0.030303030303030387,0.04285495643554834,0.09090909090909094,0.5664414132008104,1.2577639414199515,0.9121026773103809,0.6573470456717854,1.6173763194131052,1.1373616825424453,0.6390090397656257,1.5842399806524248,1.1116245102090252
far_to_near_by_heldout_geometry_nn_distance,0.3,30.0,406,2,0.030303030303030387,0.04285495643554834,0.09090909090909094,0.7374521047375749,1.752236217621329,1.244844161179452,0.6777030417099372,1.697156845231425,1.1874299434706812,0.6783589618223362,1.6056004415391696,1.141979701680753
far_to_near_by_heldout_geometry_nn_distance,0.5,50.0,676,0,0.030303030303030304,0.0428549564355483,0.09090909090909094,0.2612799562521347,1.17488832471847,0.7180841404853023,0.26863710112247763,1.163774393977802,0.7162057475501399,0.3132589262830957,1.1626035133217094,0.7379312198024025
far_to_near_by_heldout_geometry_nn_distance,0.5,50.0,676,1,0.030303030303030304,0.0428549564355483,0.09090909090909094,0.47621979496811806,1.0995723726552702,0.7878960838116943,0.5697711138822219,1.2805345054486892,0.9251528096654558,0.5527963679812213,1.2063046276392613,0.8795504978102412
far_to_near_by_heldout_geometry_nn_distance,0.5,50.0,676,2,0.030303030303030304,0.0428549564355483,0.09090909090909094,0.3979037544016829,0.5194461616765054,0.45867495803909414,0.45342101975961474,0.5221081262036626,0.4877645729816387,0.44853182820023146,0.5191080394443737,0.4838199338223025
far_to_near_by_heldout_geometry_nn_distance,0.7,70.0,947,0,0.030303030303030276,0.03030303030303033,0.09090909090909094,0.1743726224633451,0.701647598126045,0.43801011029469505,0.18514660295258203,0.7647249171073025,0.47493576002994237,0.18491618114744685,0.7883885599696183,0.48665237055853255
far_to_near_by_heldout_geometry_nn_distance,0.7,70.0,947,1,0.030303030303030276,0.03030303030303033,0.09090909090909094,0.4828213859670082,0.7481102541281106,0.6154658200475593,0.5831520338488931,0.8776952301141099,0.7304236319815016,0.5610512585096551,0.8087606585637955,0.6849059585367253
far_to_near_by_heldout_geometry_nn_distance,0.7,70.0,947,2,0.030303030303030276,0.03030303030303033,0.09090909090909094,0.42004386640288083,0.7912686220471308,0.6056562442250056,0.4466694454406516,0.8714346006123997,0.6590520230265258,0.4521690497856246,0.8648080672926912,0.6584885585391579
far_to_near_by_heldout_geometry_nn_distance,1.0,100.0,1353,0,0.030303030303030276,0.030303030303030304,0.09090909090909094,0.13216423678039688,0.5158419305382634,0.3240030836593302,0.13075537867522996,0.5465537361886232,0.33865455743192663,0.1692411512197787,0.6062356933971743,0.3877384223084765
far_to_near_by_heldout_geometry_nn_distance,1.0,100.0,1353,1,0.030303030303030276,0.030303030303030304,0.09090909090909094,0.33698599739168034,0.6408791516208848,0.4889325745062826,0.3667838804186537,0.6699323679958726,0.5183581242072632,0.3751921204457448,0.6864425378949842,0.5308173291703646
far_to_near_by_heldout_geometry_nn_distance,1.0,100.0,1353,2,0.030303030303030276,0.030303030303030304,0.09090909090909094,0.21545831811138613,0.6298350483667763,0.4226466832390812,0.22269123919602662,0.667752414577727,0.4452218268868768,0.23634276736644538,0.684040397405522,0.4601915823859837
