selection_method,requested_corner_claw_um,requested_corner_ground_um,requested_corner_cross_um,used_corner_claw_um,used_corner_ground_um,used_corner_cross_um,fraction,training_percent,n_samples,seed,surrogate_model_path,combined_reference_model_path,inverse_reference_model_path,inverse_dense_units,optimizer,learning_rate,reconstruction_loss,range_penalty_weight,jit_compile,epochs_run,batch_size,early_stopping_patience,subset_to_test_nn_distance_min,subset_to_test_nn_distance_median,subset_to_test_nn_distance_max,train_fq_mean_pct,train_alpha_mean_pct,train_mean_hamiltonian_pct,val_fq_mean_pct,val_alpha_mean_pct,val_mean_hamiltonian_pct,test_fq_mean_pct,test_alpha_mean_pct,test_mean_hamiltonian_pct,test_qiskit_scaled_min,test_qiskit_scaled_max,test_qiskit_range_violation_mean,test_qiskit_range_violation_max
corner_test_far_to_near_by_test_geometry_nn_distance,50.0,2.0,420.0,70.0,4.1,420.0,0.05,5.0,68,0,/home/olivias/ML_qubit_design/experiments/model_predict_qubit_TransmonCross_Hamiltonian_params/model/corner_far_to_near_surrogate.keras,/home/olivias/ML_qubit_design/experiments/model_predict_qubit_TransmonCross_Hamiltonian_params/model/surrogate_loss_2in_3out_best_model.keras,/home/olivias/ML_qubit_design/experiments/model_predict_qubit_TransmonCross_Hamiltonian_params/model/surrogate_loss_2in_3out_best_model.keras,"[64, 3]",Adam,"ExponentialDecay({'initial_learning_rate': 0.001, 'decay_steps': 220, 'decay_rate': 0.99, 'staircase': False, 'name': 'ExponentialDecay'})",mae,1.0,True,400,128,60,0.8757013948690047,0.894633922446123,0.9711650080807196,0.5763311532047956,0.7114079880552571,0.6438695706300263,3.0498820957465687,0.33595993386902034,1.6929210148077947,3.053798840243565,0.3162542580353949,1.6850265491394798,0.01645251363515854,0.8737891912460327,0.0,0.0
corner_test_far_to_near_by_test_geometry_nn_distance,50.0,2.0,420.0,70.0,4.1,420.0,0.05,5.0,68,1,/home/olivias/ML_qubit_design/experiments/model_predict_qubit_TransmonCross_Hamiltonian_params/model/corner_far_to_near_surrogate.keras,/home/olivias/ML_qubit_design/experiments/model_predict_qubit_TransmonCross_Hamiltonian_params/model/surrogate_loss_2in_3out_best_model.keras,/home/olivias/ML_qubit_design/experiments/model_predict_qubit_TransmonCross_Hamiltonian_params/model/surrogate_loss_2in_3out_best_model.keras,"[64, 3]",Adam,"ExponentialDecay({'initial_learning_rate': 0.001, 'decay_steps': 220, 'decay_rate': 0.99, 'staircase': False, 'name': 'ExponentialDecay'})",mae,1.0,True,400,128,60,0.8757013948690047,0.894633922446123,0.9711650080807196,0.529558055602135,1.047274670715085,0.7884163631586101,2.252045901549541,3.3437014971885892,2.7978736993690654,2.1639472218023883,2.957812605490214,2.5608799136463007,0.033856749534606934,0.8770664930343628,0.0,0.0
corner_test_far_to_near_by_test_geometry_nn_distance,50.0,2.0,420.0,70.0,4.1,420.0,0.05,5.0,68,2,/home/olivias/ML_qubit_design/experiments/model_predict_qubit_TransmonCross_Hamiltonian_params/model/corner_far_to_near_surrogate.keras,/home/olivias/ML_qubit_design/experiments/model_predict_qubit_TransmonCross_Hamiltonian_params/model/surrogate_loss_2in_3out_best_model.keras,/home/olivias/ML_qubit_design/experiments/model_predict_qubit_TransmonCross_Hamiltonian_params/model/surrogate_loss_2in_3out_best_model.keras,"[64, 3]",Adam,"ExponentialDecay({'initial_learning_rate': 0.001, 'decay_steps': 220, 'decay_rate': 0.99, 'staircase': False, 'name': 'ExponentialDecay'})",mae,1.0,True,89,128,60,0.8757013948690047,0.894633922446123,0.9711650080807196,9.080095817396021,3.279027301966073,6.179561559681048,4.244451538897463,8.227650057042283,6.236050797969873,3.7073662622352472,7.5038837027515095,5.605624982493377,0.06825590133666992,0.7654407620429993,0.0,0.0
corner_test_far_to_near_by_test_geometry_nn_distance,50.0,2.0,420.0,70.0,4.1,420.0,0.075,7.5,101,0,/home/olivias/ML_qubit_design/experiments/model_predict_qubit_TransmonCross_Hamiltonian_params/model/corner_far_to_near_surrogate.keras,/home/olivias/ML_qubit_design/experiments/model_predict_qubit_TransmonCross_Hamiltonian_params/model/surrogate_loss_2in_3out_best_model.keras,/home/olivias/ML_qubit_design/experiments/model_predict_qubit_TransmonCross_Hamiltonian_params/model/surrogate_loss_2in_3out_best_model.keras,"[64, 3]",Adam,"ExponentialDecay({'initial_learning_rate': 0.001, 'decay_steps': 220, 'decay_rate': 0.99, 'staircase': False, 'name': 'ExponentialDecay'})",mae,1.0,True,400,128,60,0.8693869387269192,0.8835310054880451,0.9711650080807196,0.7380161784642602,0.317657903215572,0.527837040839916,3.020537900364357,0.921096293939995,1.970817097152176,3.031471833821315,0.8557269525992298,1.9435993932102722,0.020440004765987396,0.8722066879272461,0.0,0.0
corner_test_far_to_near_by_test_geometry_nn_distance,50.0,2.0,420.0,70.0,4.1,420.0,0.075,7.5,101,1,/home/olivias/ML_qubit_design/experiments/model_predict_qubit_TransmonCross_Hamiltonian_params/model/corner_far_to_near_surrogate.keras,/home/olivias/ML_qubit_design/experiments/model_predict_qubit_TransmonCross_Hamiltonian_params/model/surrogate_loss_2in_3out_best_model.keras,/home/olivias/ML_qubit_design/experiments/model_predict_qubit_TransmonCross_Hamiltonian_params/model/surrogate_loss_2in_3out_best_model.keras,"[64, 3]",Adam,"ExponentialDecay({'initial_learning_rate': 0.001, 'decay_steps': 220, 'decay_rate': 0.99, 'staircase': False, 'name': 'ExponentialDecay'})",mae,1.0,True,400,128,60,0.8693869387269192,0.8835310054880451,0.9711650080807196,0.5485911075043564,0.736952677099858,0.6427718923021072,2.3277646554990032,3.4405653437801886,2.884164999639596,2.237892263519011,3.1771885996640075,2.707540431591509,0.05040489882230759,0.8753104209899902,0.0,0.0
corner_test_far_to_near_by_test_geometry_nn_distance,50.0,2.0,420.0,70.0,4.1,420.0,0.075,7.5,101,2,/home/olivias/ML_qubit_design/experiments/model_predict_qubit_TransmonCross_Hamiltonian_params/model/corner_far_to_near_surrogate.keras,/home/olivias/ML_qubit_design/experiments/model_predict_qubit_TransmonCross_Hamiltonian_params/model/surrogate_loss_2in_3out_best_model.keras,/home/olivias/ML_qubit_design/experiments/model_predict_qubit_TransmonCross_Hamiltonian_params/model/surrogate_loss_2in_3out_best_model.keras,"[64, 3]",Adam,"ExponentialDecay({'initial_learning_rate': 0.001, 'decay_steps': 220, 'decay_rate': 0.99, 'staircase': False, 'name': 'ExponentialDecay'})",mae,1.0,True,87,128,60,0.8693869387269192,0.8835310054880451,0.9711650080807196,10.588852901316848,5.858022708351415,8.223437804834132,4.5494623108950005,3.7784699670121715,4.163966138953587,4.194230581293269,3.267032644748753,3.7306316130210115,0.01154058426618576,0.7290603518486023,0.0,0.0
corner_test_far_to_near_by_test_geometry_nn_distance,50.0,2.0,420.0,70.0,4.1,420.0,0.1,10.0,135,0,/home/olivias/ML_qubit_design/experiments/model_predict_qubit_TransmonCross_Hamiltonian_params/model/corner_far_to_near_surrogate.keras,/home/olivias/ML_qubit_design/experiments/model_predict_qubit_TransmonCross_Hamiltonian_params/model/surrogate_loss_2in_3out_best_model.keras,/home/olivias/ML_qubit_design/experiments/model_predict_qubit_TransmonCross_Hamiltonian_params/model/surrogate_loss_2in_3out_best_model.keras,"[64, 3]",Adam,"ExponentialDecay({'initial_learning_rate': 0.001, 'decay_steps': 220, 'decay_rate': 0.99, 'staircase': False, 'name': 'ExponentialDecay'})",mae,1.0,True,105,128,60,0.8656822359908626,0.8757013948690047,0.9711650080807196,6.498457728599565,3.3797953212301697,4.939126524914867,3.231729884917287,6.97580911082868,5.1037694978729835,2.997099447898385,7.116874400187601,5.0569869240429925,0.008565137162804604,0.7649331092834473,0.0,0.0
corner_test_far_to_near_by_test_geometry_nn_distance,50.0,2.0,420.0,70.0,4.1,420.0,0.1,10.0,135,1,/home/olivias/ML_qubit_design/experiments/model_predict_qubit_TransmonCross_Hamiltonian_params/model/corner_far_to_near_surrogate.keras,/home/olivias/ML_qubit_design/experiments/model_predict_qubit_TransmonCross_Hamiltonian_params/model/surrogate_loss_2in_3out_best_model.keras,/home/olivias/ML_qubit_design/experiments/model_predict_qubit_TransmonCross_Hamiltonian_params/model/surrogate_loss_2in_3out_best_model.keras,"[64, 3]",Adam,"ExponentialDecay({'initial_learning_rate': 0.001, 'decay_steps': 220, 'decay_rate': 0.99, 'staircase': False, 'name': 'ExponentialDecay'})",mae,1.0,True,400,128,60,0.8656822359908626,0.8757013948690047,0.9711650080807196,0.24589024739527315,1.4218732828822005,0.8338817651387368,0.3137219622299815,3.87941163727735,2.096566799753666,0.29788518208361814,3.464420536577338,1.8811528593304785,-0.018720122054219246,0.8810641169548035,0.00011230179370613769,0.018720122054219246
corner_test_far_to_near_by_test_geometry_nn_distance,50.0,2.0,420.0,70.0,4.1,420.0,0.1,10.0,135,2,/home/olivias/ML_qubit_design/experiments/model_predict_qubit_TransmonCross_Hamiltonian_params/model/corner_far_to_near_surrogate.keras,/home/olivias/ML_qubit_design/experiments/model_predict_qubit_TransmonCross_Hamiltonian_params/model/surrogate_loss_2in_3out_best_model.keras,/home/olivias/ML_qubit_design/experiments/model_predict_qubit_TransmonCross_Hamiltonian_params/model/surrogate_loss_2in_3out_best_model.keras,"[64, 3]",Adam,"ExponentialDecay({'initial_learning_rate': 0.001, 'decay_steps': 220, 'decay_rate': 0.99, 'staircase': False, 'name': 'ExponentialDecay'})",mae,1.0,True,163,128,60,0.8656822359908626,0.8757013948690047,0.9711650080807196,1.0637534767728873,0.8249197688976425,0.9443366228352649,2.637913800956304,1.9317853416443533,2.2848495713003287,2.5912601828523445,1.8678818218332307,2.229571002342788,0.14201156795024872,0.8712041974067688,0.0,0.0
corner_test_far_to_near_by_test_geometry_nn_distance,50.0,2.0,420.0,70.0,4.1,420.0,0.15,15.0,203,0,/home/olivias/ML_qubit_design/experiments/model_predict_qubit_TransmonCross_Hamiltonian_params/model/corner_far_to_near_surrogate.keras,/home/olivias/ML_qubit_design/experiments/model_predict_qubit_TransmonCross_Hamiltonian_params/model/surrogate_loss_2in_3out_best_model.keras,/home/olivias/ML_qubit_design/experiments/model_predict_qubit_TransmonCross_Hamiltonian_params/model/surrogate_loss_2in_3out_best_model.keras,"[64, 3]",Adam,"ExponentialDecay({'initial_learning_rate': 0.001, 'decay_steps': 220, 'decay_rate': 0.99, 'staircase': False, 'name': 'ExponentialDecay'})",mae,1.0,True,400,128,60,0.856618399134557,0.8693869387269192,0.9711650080807196,0.3386804821176254,0.7793348786004057,0.5590076803590155,0.4863260205684878,1.4427286243821986,0.9645273224753432,0.5039218330734699,1.4437093656046602,0.9738155993390653,0.09144817292690277,0.8762898445129395,0.0,0.0
corner_test_far_to_near_by_test_geometry_nn_distance,50.0,2.0,420.0,70.0,4.1,420.0,0.15,15.0,203,1,/home/olivias/ML_qubit_design/experiments/model_predict_qubit_TransmonCross_Hamiltonian_params/model/corner_far_to_near_surrogate.keras,/home/olivias/ML_qubit_design/experiments/model_predict_qubit_TransmonCross_Hamiltonian_params/model/surrogate_loss_2in_3out_best_model.keras,/home/olivias/ML_qubit_design/experiments/model_predict_qubit_TransmonCross_Hamiltonian_params/model/surrogate_loss_2in_3out_best_model.keras,"[64, 3]",Adam,"ExponentialDecay({'initial_learning_rate': 0.001, 'decay_steps': 220, 'decay_rate': 0.99, 'staircase': False, 'name': 'ExponentialDecay'})",mae,1.0,True,400,128,60,0.856618399134557,0.8693869387269192,0.9711650080807196,0.23825875725391424,0.6242315540250476,0.4312451556394809,0.17833623861462045,1.742227067617455,0.9602816531160374,0.15480887219970765,1.4382413619525634,0.7965251170761354,-0.052075207233428955,0.8778874278068542,0.0006697848439216614,0.052075207233428955
corner_test_far_to_near_by_test_geometry_nn_distance,50.0,2.0,420.0,70.0,4.1,420.0,0.15,15.0,203,2,/home/olivias/ML_qubit_design/experiments/model_predict_qubit_TransmonCross_Hamiltonian_params/model/corner_far_to_near_surrogate.keras,/home/olivias/ML_qubit_design/experiments/model_predict_qubit_TransmonCross_Hamiltonian_params/model/surrogate_loss_2in_3out_best_model.keras,/home/olivias/ML_qubit_design/experiments/model_predict_qubit_TransmonCross_Hamiltonian_params/model/surrogate_loss_2in_3out_best_model.keras,"[64, 3]",Adam,"ExponentialDecay({'initial_learning_rate': 0.001, 'decay_steps': 220, 'decay_rate': 0.99, 'staircase': False, 'name': 'ExponentialDecay'})",mae,1.0,True,400,128,60,0.856618399134557,0.8693869387269192,0.9711650080807196,0.3198054249294496,0.8170865897640102,0.5684460073467298,0.6590135318053816,3.4267430119352196,2.0428782718703005,0.6185459176843531,3.1641974610199783,1.8913716893521655,0.11508126556873322,0.8770752549171448,0.0,0.0
corner_test_far_to_near_by_test_geometry_nn_distance,50.0,2.0,420.0,70.0,4.1,420.0,0.2,20.0,270,0,/home/olivias/ML_qubit_design/experiments/model_predict_qubit_TransmonCross_Hamiltonian_params/model/corner_far_to_near_surrogate.keras,/home/olivias/ML_qubit_design/experiments/model_predict_qubit_TransmonCross_Hamiltonian_params/model/surrogate_loss_2in_3out_best_model.keras,/home/olivias/ML_qubit_design/experiments/model_predict_qubit_TransmonCross_Hamiltonian_params/model/surrogate_loss_2in_3out_best_model.keras,"[64, 3]",Adam,"ExponentialDecay({'initial_learning_rate': 0.001, 'decay_steps': 220, 'decay_rate': 0.99, 'staircase': False, 'name': 'ExponentialDecay'})",mae,1.0,True,221,128,60,0.8523197126498249,0.8656822359908626,0.9711650080807196,0.37670610747621935,1.2693284672307465,0.8230172873534829,0.35063026399385466,2.4890966061687405,1.4198634350812975,0.2887659602735859,2.6759925100763398,1.4823792351749627,0.047186169773340225,0.8746923208236694,0.0,0.0
corner_test_far_to_near_by_test_geometry_nn_distance,50.0,2.0,420.0,70.0,4.1,420.0,0.2,20.0,270,1,/home/olivias/ML_qubit_design/experiments/model_predict_qubit_TransmonCross_Hamiltonian_params/model/corner_far_to_near_surrogate.keras,/home/olivias/ML_qubit_design/experiments/model_predict_qubit_TransmonCross_Hamiltonian_params/model/surrogate_loss_2in_3out_best_model.keras,/home/olivias/ML_qubit_design/experiments/model_predict_qubit_TransmonCross_Hamiltonian_params/model/surrogate_loss_2in_3out_best_model.keras,"[64, 3]",Adam,"ExponentialDecay({'initial_learning_rate': 0.001, 'decay_steps': 220, 'decay_rate': 0.99, 'staircase': False, 'name': 'ExponentialDecay'})",mae,1.0,True,400,128,60,0.8523197126498249,0.8656822359908626,0.9711650080807196,0.13870124005798093,0.6859298481277784,0.41231554409287957,0.0982900134983352,0.4884276619726428,0.29335883773548904,0.08909037922726064,0.39665435090795126,0.24287236506760598,-0.04998474568128586,0.8798841834068298,0.0005265981308184564,0.04998474568128586
corner_test_far_to_near_by_test_geometry_nn_distance,50.0,2.0,420.0,70.0,4.1,420.0,0.2,20.0,270,2,/home/olivias/ML_qubit_design/experiments/model_predict_qubit_TransmonCross_Hamiltonian_params/model/corner_far_to_near_surrogate.keras,/home/olivias/ML_qubit_design/experiments/model_predict_qubit_TransmonCross_Hamiltonian_params/model/surrogate_loss_2in_3out_best_model.keras,/home/olivias/ML_qubit_design/experiments/model_predict_qubit_TransmonCross_Hamiltonian_params/model/surrogate_loss_2in_3out_best_model.keras,"[64, 3]",Adam,"ExponentialDecay({'initial_learning_rate': 0.001, 'decay_steps': 220, 'decay_rate': 0.99, 'staircase': False, 'name': 'ExponentialDecay'})",mae,1.0,True,325,128,60,0.8523197126498249,0.8656822359908626,0.9711650080807196,0.19039876975948278,1.1601872197449612,0.6752929947522219,0.13412167063252387,2.229283325989963,1.1817024983112436,0.11584533118306412,2.004473236885385,1.0601592840342244,0.11837504804134369,0.8816198110580444,0.0,0.0
corner_test_far_to_near_by_test_geometry_nn_distance,50.0,2.0,420.0,70.0,4.1,420.0,0.25,25.0,338,0,/home/olivias/ML_qubit_design/experiments/model_predict_qubit_TransmonCross_Hamiltonian_params/model/corner_far_to_near_surrogate.keras,/home/olivias/ML_qubit_design/experiments/model_predict_qubit_TransmonCross_Hamiltonian_params/model/surrogate_loss_2in_3out_best_model.keras,/home/olivias/ML_qubit_design/experiments/model_predict_qubit_TransmonCross_Hamiltonian_params/model/surrogate_loss_2in_3out_best_model.keras,"[64, 3]",Adam,"ExponentialDecay({'initial_learning_rate': 0.001, 'decay_steps': 220, 'decay_rate': 0.99, 'staircase': False, 'name': 'ExponentialDecay'})",mae,1.0,True,267,128,60,0.8496219890891173,0.8608956213735914,0.9711650080807196,0.23428152514583947,1.1132523565063606,0.6737669408261,0.33100573514129844,2.3669653803959316,1.3489855577686152,0.27539147325368635,2.4361087155876113,1.3557500944206489,0.08438044786453247,0.8786805272102356,0.0,0.0
corner_test_far_to_near_by_test_geometry_nn_distance,50.0,2.0,420.0,70.0,4.1,420.0,0.25,25.0,338,1,/home/olivias/ML_qubit_design/experiments/model_predict_qubit_TransmonCross_Hamiltonian_params/model/corner_far_to_near_surrogate.keras,/home/olivias/ML_qubit_design/experiments/model_predict_qubit_TransmonCross_Hamiltonian_params/model/surrogate_loss_2in_3out_best_model.keras,/home/olivias/ML_qubit_design/experiments/model_predict_qubit_TransmonCross_Hamiltonian_params/model/surrogate_loss_2in_3out_best_model.keras,"[64, 3]",Adam,"ExponentialDecay({'initial_learning_rate': 0.001, 'decay_steps': 220, 'decay_rate': 0.99, 'staircase': False, 'name': 'ExponentialDecay'})",mae,1.0,True,381,128,60,0.8496219890891173,0.8608956213735914,0.9711650080807196,0.12450223059814056,0.44133792665277033,0.28292007862545543,0.1010781493684791,0.30666107267145293,0.20386961101996598,0.09467869632582263,0.2501919640548448,0.17243533019033372,-0.05513562262058258,0.8790675401687622,0.00065272965002805,0.05513562262058258
corner_test_far_to_near_by_test_geometry_nn_distance,50.0,2.0,420.0,70.0,4.1,420.0,0.25,25.0,338,2,/home/olivias/ML_qubit_design/experiments/model_predict_qubit_TransmonCross_Hamiltonian_params/model/corner_far_to_near_surrogate.keras,/home/olivias/ML_qubit_design/experiments/model_predict_qubit_TransmonCross_Hamiltonian_params/model/surrogate_loss_2in_3out_best_model.keras,/home/olivias/ML_qubit_design/experiments/model_predict_qubit_TransmonCross_Hamiltonian_params/model/surrogate_loss_2in_3out_best_model.keras,"[64, 3]",Adam,"ExponentialDecay({'initial_learning_rate': 0.001, 'decay_steps': 220, 'decay_rate': 0.99, 'staircase': False, 'name': 'ExponentialDecay'})",mae,1.0,True,150,128,60,0.8496219890891173,0.8608956213735914,0.9711650080807196,0.4421861258851119,1.0460153206215725,0.7441007232533424,0.26469670374590565,1.5113210167167939,0.8880088602313498,0.221863808564617,1.39832124387758,0.8100925262210985,0.0888095274567604,0.8750368356704712,0.0,0.0
corner_test_far_to_near_by_test_geometry_nn_distance,50.0,2.0,420.0,70.0,4.1,420.0,0.3,30.0,406,0,/home/olivias/ML_qubit_design/experiments/model_predict_qubit_TransmonCross_Hamiltonian_params/model/corner_far_to_near_surrogate.keras,/home/olivias/ML_qubit_design/experiments/model_predict_qubit_TransmonCross_Hamiltonian_params/model/surrogate_loss_2in_3out_best_model.keras,/home/olivias/ML_qubit_design/experiments/model_predict_qubit_TransmonCross_Hamiltonian_params/model/surrogate_loss_2in_3out_best_model.keras,"[64, 3]",Adam,"ExponentialDecay({'initial_learning_rate': 0.001, 'decay_steps': 220, 'decay_rate': 0.99, 'staircase': False, 'name': 'ExponentialDecay'})",mae,1.0,True,400,128,60,0.8479992354991301,0.856618399134557,0.9711650080807196,0.22352813854227277,1.2825864773753282,0.7530573079588004,0.35065829726064845,1.4082515417434978,0.8794549195020732,0.3253103398751132,1.4177262599651765,0.8715182999201448,0.07465188950300217,0.879866361618042,0.0,0.0
corner_test_far_to_near_by_test_geometry_nn_distance,50.0,2.0,420.0,70.0,4.1,420.0,0.3,30.0,406,1,/home/olivias/ML_qubit_design/experiments/model_predict_qubit_TransmonCross_Hamiltonian_params/model/corner_far_to_near_surrogate.keras,/home/olivias/ML_qubit_design/experiments/model_predict_qubit_TransmonCross_Hamiltonian_params/model/surrogate_loss_2in_3out_best_model.keras,/home/olivias/ML_qubit_design/experiments/model_predict_qubit_TransmonCross_Hamiltonian_params/model/surrogate_loss_2in_3out_best_model.keras,"[64, 3]",Adam,"ExponentialDecay({'initial_learning_rate': 0.001, 'decay_steps': 220, 'decay_rate': 0.99, 'staircase': False, 'name': 'ExponentialDecay'})",mae,1.0,True,323,128,60,0.8479992354991301,0.856618399134557,0.9711650080807196,0.15805526233076536,0.3596812441886253,0.25886825325969537,0.10651048517985971,0.26168899272558227,0.18409973895272103,0.09741986748486232,0.21715518338186002,0.15728752543336116,-0.05401262640953064,0.8783586025238037,0.0006280591478571296,0.05401262640953064
corner_test_far_to_near_by_test_geometry_nn_distance,50.0,2.0,420.0,70.0,4.1,420.0,0.3,30.0,406,2,/home/olivias/ML_qubit_design/experiments/model_predict_qubit_TransmonCross_Hamiltonian_params/model/corner_far_to_near_surrogate.keras,/home/olivias/ML_qubit_design/experiments/model_predict_qubit_TransmonCross_Hamiltonian_params/model/surrogate_loss_2in_3out_best_model.keras,/home/olivias/ML_qubit_design/experiments/model_predict_qubit_TransmonCross_Hamiltonian_params/model/surrogate_loss_2in_3out_best_model.keras,"[64, 3]",Adam,"ExponentialDecay({'initial_learning_rate': 0.001, 'decay_steps': 220, 'decay_rate': 0.99, 'staircase': False, 'name': 'ExponentialDecay'})",mae,1.0,True,240,128,60,0.8479992354991301,0.856618399134557,0.9711650080807196,0.23213338015941187,1.0819642401707468,0.6570488101650793,0.19734742543220585,1.0245349070573366,0.6109411662447711,0.16617729940207904,0.8179322226632335,0.49205476103265633,0.10612288862466812,0.8804616928100586,0.0,0.0
corner_test_far_to_near_by_test_geometry_nn_distance,50.0,2.0,420.0,70.0,4.1,420.0,0.4,40.0,541,0,/home/olivias/ML_qubit_design/experiments/model_predict_qubit_TransmonCross_Hamiltonian_params/model/corner_far_to_near_surrogate.keras,/home/olivias/ML_qubit_design/experiments/model_predict_qubit_TransmonCross_Hamiltonian_params/model/surrogate_loss_2in_3out_best_model.keras,/home/olivias/ML_qubit_design/experiments/model_predict_qubit_TransmonCross_Hamiltonian_params/model/surrogate_loss_2in_3out_best_model.keras,"[64, 3]",Adam,"ExponentialDecay({'initial_learning_rate': 0.001, 'decay_steps': 220, 'decay_rate': 0.99, 'staircase': False, 'name': 'ExponentialDecay'})",mae,1.0,True,293,128,60,0.847457627118644,0.8523197126498249,0.9711650080807196,0.15528534946655273,0.7103964765198886,0.43284091299322064,0.15253266069124813,0.5701045335512122,0.36131859712123016,0.12545576794849295,0.49766868877882287,0.31156222836365793,0.10629618167877197,0.8815497159957886,0.0,0.0
corner_test_far_to_near_by_test_geometry_nn_distance,50.0,2.0,420.0,70.0,4.1,420.0,0.4,40.0,541,1,/home/olivias/ML_qubit_design/experiments/model_predict_qubit_TransmonCross_Hamiltonian_params/model/corner_far_to_near_surrogate.keras,/home/olivias/ML_qubit_design/experiments/model_predict_qubit_TransmonCross_Hamiltonian_params/model/surrogate_loss_2in_3out_best_model.keras,/home/olivias/ML_qubit_design/experiments/model_predict_qubit_TransmonCross_Hamiltonian_params/model/surrogate_loss_2in_3out_best_model.keras,"[64, 3]",Adam,"ExponentialDecay({'initial_learning_rate': 0.001, 'decay_steps': 220, 'decay_rate': 0.99, 'staircase': False, 'name': 'ExponentialDecay'})",mae,1.0,True,287,128,60,0.847457627118644,0.8523197126498249,0.9711650080807196,0.11183515099622321,0.3557353764717482,0.2337852637339857,0.09259610778140934,0.30383764214050196,0.19821687496095566,0.08708485628379273,0.25007809273740916,0.16858147451060096,-0.05344735085964203,0.8792294859886169,0.0006470979424193501,0.05344735085964203
corner_test_far_to_near_by_test_geometry_nn_distance,50.0,2.0,420.0,70.0,4.1,420.0,0.4,40.0,541,2,/home/olivias/ML_qubit_design/experiments/model_predict_qubit_TransmonCross_Hamiltonian_params/model/corner_far_to_near_surrogate.keras,/home/olivias/ML_qubit_design/experiments/model_predict_qubit_TransmonCross_Hamiltonian_params/model/surrogate_loss_2in_3out_best_model.keras,/home/olivias/ML_qubit_design/experiments/model_predict_qubit_TransmonCross_Hamiltonian_params/model/surrogate_loss_2in_3out_best_model.keras,"[64, 3]",Adam,"ExponentialDecay({'initial_learning_rate': 0.001, 'decay_steps': 220, 'decay_rate': 0.99, 'staircase': False, 'name': 'ExponentialDecay'})",mae,1.0,True,400,128,60,0.847457627118644,0.8523197126498249,0.9711650080807196,0.16385689277601498,0.7065915336118126,0.4352242131939138,0.11882327617433959,0.5005709816176859,0.3096971288960128,0.09567061833938256,0.4212640506458714,0.258467334492627,0.0623282864689827,0.8816646337509155,0.0,0.0
corner_test_far_to_near_by_test_geometry_nn_distance,50.0,2.0,420.0,70.0,4.1,420.0,0.5,50.0,676,0,/home/olivias/ML_qubit_design/experiments/model_predict_qubit_TransmonCross_Hamiltonian_params/model/corner_far_to_near_surrogate.keras,/home/olivias/ML_qubit_design/experiments/model_predict_qubit_TransmonCross_Hamiltonian_params/model/surrogate_loss_2in_3out_best_model.keras,/home/olivias/ML_qubit_design/experiments/model_predict_qubit_TransmonCross_Hamiltonian_params/model/surrogate_loss_2in_3out_best_model.keras,"[64, 3]",Adam,"ExponentialDecay({'initial_learning_rate': 0.001, 'decay_steps': 220, 'decay_rate': 0.99, 'staircase': False, 'name': 'ExponentialDecay'})",mae,1.0,True,209,128,60,0.7014912308982475,0.8496219890891173,0.9711650080807196,0.13145810172050557,0.5964685262862964,0.36396331400340093,0.1389049371876396,0.6075741941620302,0.3732395656748348,0.12204627725005315,0.5319846592037181,0.32701546822688565,0.10349776595830917,0.8811273574829102,0.0,0.0
corner_test_far_to_near_by_test_geometry_nn_distance,50.0,2.0,420.0,70.0,4.1,420.0,0.5,50.0,676,1,/home/olivias/ML_qubit_design/experiments/model_predict_qubit_TransmonCross_Hamiltonian_params/model/corner_far_to_near_surrogate.keras,/home/olivias/ML_qubit_design/experiments/model_predict_qubit_TransmonCross_Hamiltonian_params/model/surrogate_loss_2in_3out_best_model.keras,/home/olivias/ML_qubit_design/experiments/model_predict_qubit_TransmonCross_Hamiltonian_params/model/surrogate_loss_2in_3out_best_model.keras,"[64, 3]",Adam,"ExponentialDecay({'initial_learning_rate': 0.001, 'decay_steps': 220, 'decay_rate': 0.99, 'staircase': False, 'name': 'ExponentialDecay'})",mae,1.0,True,271,128,60,0.7014912308982475,0.8496219890891173,0.9711650080807196,0.10306372203251478,0.29400903867178396,0.19853638035214935,0.09040992543442529,0.26584064786056333,0.17812528664749433,0.0779811605459136,0.23131879425260493,0.15464997739925926,-0.05309484153985977,0.8786973357200623,0.0006982302293181419,0.05309484153985977
corner_test_far_to_near_by_test_geometry_nn_distance,50.0,2.0,420.0,70.0,4.1,420.0,0.5,50.0,676,2,/home/olivias/ML_qubit_design/experiments/model_predict_qubit_TransmonCross_Hamiltonian_params/model/corner_far_to_near_surrogate.keras,/home/olivias/ML_qubit_design/experiments/model_predict_qubit_TransmonCross_Hamiltonian_params/model/surrogate_loss_2in_3out_best_model.keras,/home/olivias/ML_qubit_design/experiments/model_predict_qubit_TransmonCross_Hamiltonian_params/model/surrogate_loss_2in_3out_best_model.keras,"[64, 3]",Adam,"ExponentialDecay({'initial_learning_rate': 0.001, 'decay_steps': 220, 'decay_rate': 0.99, 'staircase': False, 'name': 'ExponentialDecay'})",mae,1.0,True,383,128,60,0.7014912308982475,0.8496219890891173,0.9711650080807196,0.08899742984033111,0.5301829626811113,0.3095901962607212,0.07292474830953224,0.506230770532145,0.28957775942083863,0.07612917890098243,0.4107273921173487,0.24342828550916562,0.17222988605499268,0.8846963047981262,0.0,0.0
corner_test_far_to_near_by_test_geometry_nn_distance,50.0,2.0,420.0,70.0,4.1,420.0,0.6,60.0,811,0,/home/olivias/ML_qubit_design/experiments/model_predict_qubit_TransmonCross_Hamiltonian_params/model/corner_far_to_near_surrogate.keras,/home/olivias/ML_qubit_design/experiments/model_predict_qubit_TransmonCross_Hamiltonian_params/model/surrogate_loss_2in_3out_best_model.keras,/home/olivias/ML_qubit_design/experiments/model_predict_qubit_TransmonCross_Hamiltonian_params/model/surrogate_loss_2in_3out_best_model.keras,"[64, 3]",Adam,"ExponentialDecay({'initial_learning_rate': 0.001, 'decay_steps': 220, 'decay_rate': 0.99, 'staircase': False, 'name': 'ExponentialDecay'})",mae,1.0,True,387,128,60,0.6955756495286627,0.8479992354991301,0.9711650080807196,0.0998820644836769,0.5449073088964537,0.3223946866900653,0.08632533567884969,0.5863640162770054,0.33634467597792755,0.0732626936147073,0.4822430380864224,0.2777528658505649,0.09867081046104431,0.8815252780914307,0.0,0.0
corner_test_far_to_near_by_test_geometry_nn_distance,50.0,2.0,420.0,70.0,4.1,420.0,0.6,60.0,811,1,/home/olivias/ML_qubit_design/experiments/model_predict_qubit_TransmonCross_Hamiltonian_params/model/corner_far_to_near_surrogate.keras,/home/olivias/ML_qubit_design/experiments/model_predict_qubit_TransmonCross_Hamiltonian_params/model/surrogate_loss_2in_3out_best_model.keras,/home/olivias/ML_qubit_design/experiments/model_predict_qubit_TransmonCross_Hamiltonian_params/model/surrogate_loss_2in_3out_best_model.keras,"[64, 3]",Adam,"ExponentialDecay({'initial_learning_rate': 0.001, 'decay_steps': 220, 'decay_rate': 0.99, 'staircase': False, 'name': 'ExponentialDecay'})",mae,1.0,True,205,128,60,0.6955756495286627,0.8479992354991301,0.9711650080807196,0.10822681247069878,0.26627139956091644,0.18724910601580758,0.103463361430183,0.2720134118287177,0.1877383866294503,0.09329205921267525,0.22512177515420503,0.15920691718344016,-0.0532529354095459,0.8784164190292358,0.0006177504546940327,0.0532529354095459
corner_test_far_to_near_by_test_geometry_nn_distance,50.0,2.0,420.0,70.0,4.1,420.0,0.6,60.0,811,2,/home/olivias/ML_qubit_design/experiments/model_predict_qubit_TransmonCross_Hamiltonian_params/model/corner_far_to_near_surrogate.keras,/home/olivias/ML_qubit_design/experiments/model_predict_qubit_TransmonCross_Hamiltonian_params/model/surrogate_loss_2in_3out_best_model.keras,/home/olivias/ML_qubit_design/experiments/model_predict_qubit_TransmonCross_Hamiltonian_params/model/surrogate_loss_2in_3out_best_model.keras,"[64, 3]",Adam,"ExponentialDecay({'initial_learning_rate': 0.001, 'decay_steps': 220, 'decay_rate': 0.99, 'staircase': False, 'name': 'ExponentialDecay'})",mae,1.0,True,358,128,60,0.6955756495286627,0.8479992354991301,0.9711650080807196,0.08141697377913416,0.7175407376977856,0.3994788557384598,0.053875840786840275,0.6481035534938021,0.3509896971403212,0.049432310760449766,0.5252749309490707,0.28735362085476024,0.06240065023303032,0.8853164911270142,0.0,0.0
corner_test_far_to_near_by_test_geometry_nn_distance,50.0,2.0,420.0,70.0,4.1,420.0,0.7,70.0,946,0,/home/olivias/ML_qubit_design/experiments/model_predict_qubit_TransmonCross_Hamiltonian_params/model/corner_far_to_near_surrogate.keras,/home/olivias/ML_qubit_design/experiments/model_predict_qubit_TransmonCross_Hamiltonian_params/model/surrogate_loss_2in_3out_best_model.keras,/home/olivias/ML_qubit_design/experiments/model_predict_qubit_TransmonCross_Hamiltonian_params/model/surrogate_loss_2in_3out_best_model.keras,"[64, 3]",Adam,"ExponentialDecay({'initial_learning_rate': 0.001, 'decay_steps': 220, 'decay_rate': 0.99, 'staircase': False, 'name': 'ExponentialDecay'})",mae,1.0,True,400,128,60,0.6949152542372881,0.8479992354991301,0.9711650080807196,0.07998143647314196,0.44605396798712743,0.26301770223013465,0.07943048485336826,0.5297305488686086,0.30458051686098847,0.07088244288152713,0.4171579277241424,0.2440201853028348,0.09988591820001602,0.8820703625679016,0.0,0.0
corner_test_far_to_near_by_test_geometry_nn_distance,50.0,2.0,420.0,70.0,4.1,420.0,0.7,70.0,946,1,/home/olivias/ML_qubit_design/experiments/model_predict_qubit_TransmonCross_Hamiltonian_params/model/corner_far_to_near_surrogate.keras,/home/olivias/ML_qubit_design/experiments/model_predict_qubit_TransmonCross_Hamiltonian_params/model/surrogate_loss_2in_3out_best_model.keras,/home/olivias/ML_qubit_design/experiments/model_predict_qubit_TransmonCross_Hamiltonian_params/model/surrogate_loss_2in_3out_best_model.keras,"[64, 3]",Adam,"ExponentialDecay({'initial_learning_rate': 0.001, 'decay_steps': 220, 'decay_rate': 0.99, 'staircase': False, 'name': 'ExponentialDecay'})",mae,1.0,True,314,128,60,0.6949152542372881,0.8479992354991301,0.9711650080807196,0.051275447487510874,0.3198301463353943,0.18555279691145257,0.042034185615306946,0.3467949043235637,0.1944145449694353,0.04077453333061076,0.2896622904006649,0.16521841186563782,-0.033433910459280014,0.882651686668396,0.00042394184856675565,0.033433910459280014
corner_test_far_to_near_by_test_geometry_nn_distance,50.0,2.0,420.0,70.0,4.1,420.0,0.7,70.0,946,2,/home/olivias/ML_qubit_design/experiments/model_predict_qubit_TransmonCross_Hamiltonian_params/model/corner_far_to_near_surrogate.keras,/home/olivias/ML_qubit_design/experiments/model_predict_qubit_TransmonCross_Hamiltonian_params/model/surrogate_loss_2in_3out_best_model.keras,/home/olivias/ML_qubit_design/experiments/model_predict_qubit_TransmonCross_Hamiltonian_params/model/surrogate_loss_2in_3out_best_model.keras,"[64, 3]",Adam,"ExponentialDecay({'initial_learning_rate': 0.001, 'decay_steps': 220, 'decay_rate': 0.99, 'staircase': False, 'name': 'ExponentialDecay'})",mae,1.0,True,274,128,60,0.6949152542372881,0.8479992354991301,0.9711650080807196,0.07897246196122347,0.6620958513245595,0.37053415664289147,0.05424009194486013,0.6106989954568189,0.33246954370083953,0.04466697454189117,0.5126175317348044,0.2786422531383478,0.06444340944290161,0.8841162919998169,0.0,0.0
corner_test_far_to_near_by_test_geometry_nn_distance,50.0,2.0,420.0,70.0,4.1,420.0,0.85,85.0,1149,0,/home/olivias/ML_qubit_design/experiments/model_predict_qubit_TransmonCross_Hamiltonian_params/model/corner_far_to_near_surrogate.keras,/home/olivias/ML_qubit_design/experiments/model_predict_qubit_TransmonCross_Hamiltonian_params/model/surrogate_loss_2in_3out_best_model.keras,/home/olivias/ML_qubit_design/experiments/model_predict_qubit_TransmonCross_Hamiltonian_params/model/surrogate_loss_2in_3out_best_model.keras,"[64, 3]",Adam,"ExponentialDecay({'initial_learning_rate': 0.001, 'decay_steps': 220, 'decay_rate': 0.99, 'staircase': False, 'name': 'ExponentialDecay'})",mae,1.0,True,372,128,60,0.12121212121212122,0.847457627118644,0.9711650080807196,0.09879536754123128,0.5044742074036963,0.3016347874724637,0.0979657113641763,0.5463571128779052,0.3221614121210407,0.09159274119029193,0.44541905911578983,0.2685059001530409,0.10386968404054642,0.8822925090789795,0.0,0.0
corner_test_far_to_near_by_test_geometry_nn_distance,50.0,2.0,420.0,70.0,4.1,420.0,0.85,85.0,1149,1,/home/olivias/ML_qubit_design/experiments/model_predict_qubit_TransmonCross_Hamiltonian_params/model/corner_far_to_near_surrogate.keras,/home/olivias/ML_qubit_design/experiments/model_predict_qubit_TransmonCross_Hamiltonian_params/model/surrogate_loss_2in_3out_best_model.keras,/home/olivias/ML_qubit_design/experiments/model_predict_qubit_TransmonCross_Hamiltonian_params/model/surrogate_loss_2in_3out_best_model.keras,"[64, 3]",Adam,"ExponentialDecay({'initial_learning_rate': 0.001, 'decay_steps': 220, 'decay_rate': 0.99, 'staircase': False, 'name': 'ExponentialDecay'})",mae,1.0,True,173,128,60,0.12121212121212122,0.847457627118644,0.9711650080807196,0.09422854122525953,0.3414864169129638,0.21785747906911165,0.0711323026922496,0.3443069923969178,0.20771964754458372,0.06230564779991549,0.29553577172211104,0.17892070976101326,-0.05296970158815384,0.8795817494392395,0.0005942044663242996,0.05296970158815384
corner_test_far_to_near_by_test_geometry_nn_distance,50.0,2.0,420.0,70.0,4.1,420.0,0.85,85.0,1149,2,/home/olivias/ML_qubit_design/experiments/model_predict_qubit_TransmonCross_Hamiltonian_params/model/corner_far_to_near_surrogate.keras,/home/olivias/ML_qubit_design/experiments/model_predict_qubit_TransmonCross_Hamiltonian_params/model/surrogate_loss_2in_3out_best_model.keras,/home/olivias/ML_qubit_design/experiments/model_predict_qubit_TransmonCross_Hamiltonian_params/model/surrogate_loss_2in_3out_best_model.keras,"[64, 3]",Adam,"ExponentialDecay({'initial_learning_rate': 0.001, 'decay_steps': 220, 'decay_rate': 0.99, 'staircase': False, 'name': 'ExponentialDecay'})",mae,1.0,True,400,128,60,0.12121212121212122,0.847457627118644,0.9711650080807196,0.06965050811476715,0.3900843994000657,0.22986745375741643,0.05089889190934154,0.39306374459143945,0.22198131825039052,0.042183635425931856,0.33023169815021547,0.18620766678807363,0.17113223671913147,0.8834432363510132,0.0,0.0
corner_test_far_to_near_by_test_geometry_nn_distance,50.0,2.0,420.0,70.0,4.1,420.0,1.0,100.0,1352,0,/home/olivias/ML_qubit_design/experiments/model_predict_qubit_TransmonCross_Hamiltonian_params/model/corner_far_to_near_surrogate.keras,/home/olivias/ML_qubit_design/experiments/model_predict_qubit_TransmonCross_Hamiltonian_params/model/surrogate_loss_2in_3out_best_model.keras,/home/olivias/ML_qubit_design/experiments/model_predict_qubit_TransmonCross_Hamiltonian_params/model/surrogate_loss_2in_3out_best_model.keras,"[64, 3]",Adam,"ExponentialDecay({'initial_learning_rate': 0.001, 'decay_steps': 220, 'decay_rate': 0.99, 'staircase': False, 'name': 'ExponentialDecay'})",mae,1.0,True,400,128,60,0.030303030303030276,0.7014912308982475,0.9711650080807196,0.07519692710135936,0.47117039068871597,0.27318365889503765,0.07106028429986981,0.5792888000070845,0.32517454215347713,0.05757509197382988,0.4839258623680107,0.2707504771709203,0.1019604429602623,0.8819067478179932,0.0,0.0
corner_test_far_to_near_by_test_geometry_nn_distance,50.0,2.0,420.0,70.0,4.1,420.0,1.0,100.0,1352,1,/home/olivias/ML_qubit_design/experiments/model_predict_qubit_TransmonCross_Hamiltonian_params/model/corner_far_to_near_surrogate.keras,/home/olivias/ML_qubit_design/experiments/model_predict_qubit_TransmonCross_Hamiltonian_params/model/surrogate_loss_2in_3out_best_model.keras,/home/olivias/ML_qubit_design/experiments/model_predict_qubit_TransmonCross_Hamiltonian_params/model/surrogate_loss_2in_3out_best_model.keras,"[64, 3]",Adam,"ExponentialDecay({'initial_learning_rate': 0.001, 'decay_steps': 220, 'decay_rate': 0.99, 'staircase': False, 'name': 'ExponentialDecay'})",mae,1.0,True,238,128,60,0.030303030303030276,0.7014912308982475,0.9711650080807196,0.06530851361588523,0.2945269895696852,0.1799177515927852,0.057077759471552296,0.3250403993399526,0.19105907940575248,0.04726096890812527,0.2766872558865423,0.16197411239733378,-0.03834940493106842,0.8810747265815735,0.0004872343852184713,0.03834940493106842
corner_test_far_to_near_by_test_geometry_nn_distance,50.0,2.0,420.0,70.0,4.1,420.0,1.0,100.0,1352,2,/home/olivias/ML_qubit_design/experiments/model_predict_qubit_TransmonCross_Hamiltonian_params/model/corner_far_to_near_surrogate.keras,/home/olivias/ML_qubit_design/experiments/model_predict_qubit_TransmonCross_Hamiltonian_params/model/surrogate_loss_2in_3out_best_model.keras,/home/olivias/ML_qubit_design/experiments/model_predict_qubit_TransmonCross_Hamiltonian_params/model/surrogate_loss_2in_3out_best_model.keras,"[64, 3]",Adam,"ExponentialDecay({'initial_learning_rate': 0.001, 'decay_steps': 220, 'decay_rate': 0.99, 'staircase': False, 'name': 'ExponentialDecay'})",mae,1.0,True,156,128,60,0.030303030303030276,0.7014912308982475,0.9711650080807196,0.11822884973134645,0.8551077258021049,0.48666828776672566,0.07750704960253267,0.6947788001156388,0.3861429248590857,0.0641652467591396,0.5841372505340031,0.32415124864657135,0.12790793180465698,0.8812597393989563,0.0,0.0
