selection_method,requested_corner_claw_um,requested_corner_ground_um,requested_corner_cross_um,used_corner_claw_um,used_corner_ground_um,used_corner_cross_um,fraction,training_percent,n_samples,seed,surrogate_model_path,combined_reference_model_path,inverse_reference_model_path,inverse_dense_units,optimizer,learning_rate,reconstruction_loss,range_penalty_weight,jit_compile,epochs_run,batch_size,early_stopping_patience,subset_to_test_nn_distance_min,subset_to_test_nn_distance_median,subset_to_test_nn_distance_max,train_omega_q_mean_pct,train_alpha_mean_pct,train_mean_hamiltonian_pct,val_omega_q_mean_pct,val_alpha_mean_pct,val_mean_hamiltonian_pct,test_omega_q_mean_pct,test_alpha_mean_pct,test_mean_hamiltonian_pct,test_qiskit_scaled_min,test_qiskit_scaled_max,test_qiskit_range_violation_mean,test_qiskit_range_violation_max
corner_test_far_to_near_by_test_geometry_nn_distance,50.0,2.0,420.0,70.0,4.1,420.0,0.05,5.0,68,0,/home/olivias/ML_qubit_design/experiments/model_predict_qubit_TransmonCross_Hamiltonian_params/model/best_keras_model_model2_surrogate.keras,/home/olivias/ML_qubit_design/experiments/model_predict_qubit_TransmonCross_Hamiltonian_params/model/surrogate_loss_2in_3out_best_model.keras,/home/olivias/ML_qubit_design/experiments/model_predict_qubit_TransmonCross_Hamiltonian_params/model/surrogate_loss_2in_3out_best_model.keras,"[64, 3]",Adam,"ExponentialDecay({'initial_learning_rate': 0.001, 'decay_steps': 220, 'decay_rate': 0.99, 'staircase': False, 'name': 'ExponentialDecay'})",mae,1.0,True,151,128,60,0.9266500404846253,0.9590333566964016,1.063244702132056,9.37743734213332,21.762248894100637,15.569843118116978,4.417493724658576,9.720313126443287,7.068903425550933,6.908479616649529,16.09642374897674,11.502451682813135,0.21118520200252533,0.6848249435424805,0.0,0.0
corner_test_far_to_near_by_test_geometry_nn_distance,50.0,2.0,420.0,70.0,4.1,420.0,0.05,5.0,68,1,/home/olivias/ML_qubit_design/experiments/model_predict_qubit_TransmonCross_Hamiltonian_params/model/best_keras_model_model2_surrogate.keras,/home/olivias/ML_qubit_design/experiments/model_predict_qubit_TransmonCross_Hamiltonian_params/model/surrogate_loss_2in_3out_best_model.keras,/home/olivias/ML_qubit_design/experiments/model_predict_qubit_TransmonCross_Hamiltonian_params/model/surrogate_loss_2in_3out_best_model.keras,"[64, 3]",Adam,"ExponentialDecay({'initial_learning_rate': 0.001, 'decay_steps': 220, 'decay_rate': 0.99, 'staircase': False, 'name': 'ExponentialDecay'})",mae,1.0,True,400,128,60,0.9266500404846253,0.9590333566964016,1.063244702132056,0.3823527876040358,1.0755780032744306,0.7289653954392332,1.110476273632764,2.0268246348557,1.5686504542442319,0.9847363167730959,1.8815777878965834,1.4331570523348396,-0.033113352954387665,0.9796756505966187,0.009010456502437592,0.033113352954387665
corner_test_far_to_near_by_test_geometry_nn_distance,50.0,2.0,420.0,70.0,4.1,420.0,0.05,5.0,68,2,/home/olivias/ML_qubit_design/experiments/model_predict_qubit_TransmonCross_Hamiltonian_params/model/best_keras_model_model2_surrogate.keras,/home/olivias/ML_qubit_design/experiments/model_predict_qubit_TransmonCross_Hamiltonian_params/model/surrogate_loss_2in_3out_best_model.keras,/home/olivias/ML_qubit_design/experiments/model_predict_qubit_TransmonCross_Hamiltonian_params/model/surrogate_loss_2in_3out_best_model.keras,"[64, 3]",Adam,"ExponentialDecay({'initial_learning_rate': 0.001, 'decay_steps': 220, 'decay_rate': 0.99, 'staircase': False, 'name': 'ExponentialDecay'})",mae,1.0,True,400,128,60,0.9266500404846253,0.9590333566964016,1.063244702132056,0.30051639623223,0.4333872937635351,0.3669518449978825,3.2561859713575583,6.393360507292855,4.824773239325206,1.3513916706676634,2.4636019075498123,1.907496789108738,0.05289173871278763,0.9413148164749146,0.0,0.0
corner_test_far_to_near_by_test_geometry_nn_distance,50.0,2.0,420.0,70.0,4.1,420.0,0.1,10.0,135,0,/home/olivias/ML_qubit_design/experiments/model_predict_qubit_TransmonCross_Hamiltonian_params/model/best_keras_model_model2_surrogate.keras,/home/olivias/ML_qubit_design/experiments/model_predict_qubit_TransmonCross_Hamiltonian_params/model/surrogate_loss_2in_3out_best_model.keras,/home/olivias/ML_qubit_design/experiments/model_predict_qubit_TransmonCross_Hamiltonian_params/model/surrogate_loss_2in_3out_best_model.keras,"[64, 3]",Adam,"ExponentialDecay({'initial_learning_rate': 0.001, 'decay_steps': 220, 'decay_rate': 0.99, 'staircase': False, 'name': 'ExponentialDecay'})",mae,1.0,True,400,128,60,0.8943773164695032,0.9266500404846253,1.063244702132056,0.31108555014511124,0.5556875883955582,0.43338656927033475,1.0266205127660641,2.070865703905087,1.5487431083355756,0.9780087320667911,1.725881077485777,1.351944904776284,0.12185899168252945,0.940082311630249,0.0,0.0
corner_test_far_to_near_by_test_geometry_nn_distance,50.0,2.0,420.0,70.0,4.1,420.0,0.1,10.0,135,1,/home/olivias/ML_qubit_design/experiments/model_predict_qubit_TransmonCross_Hamiltonian_params/model/best_keras_model_model2_surrogate.keras,/home/olivias/ML_qubit_design/experiments/model_predict_qubit_TransmonCross_Hamiltonian_params/model/surrogate_loss_2in_3out_best_model.keras,/home/olivias/ML_qubit_design/experiments/model_predict_qubit_TransmonCross_Hamiltonian_params/model/surrogate_loss_2in_3out_best_model.keras,"[64, 3]",Adam,"ExponentialDecay({'initial_learning_rate': 0.001, 'decay_steps': 220, 'decay_rate': 0.99, 'staircase': False, 'name': 'ExponentialDecay'})",mae,1.0,True,400,128,60,0.8943773164695032,0.9266500404846253,1.063244702132056,0.21194718425032305,0.7461183463880513,0.47903276531918715,0.19525266469907096,0.38930741687828696,0.29228004078867903,0.19063260619819014,0.3681998217706732,0.2794162139844316,-0.01754862070083618,0.9900140166282654,0.005110809579491615,0.01754862070083618
corner_test_far_to_near_by_test_geometry_nn_distance,50.0,2.0,420.0,70.0,4.1,420.0,0.1,10.0,135,2,/home/olivias/ML_qubit_design/experiments/model_predict_qubit_TransmonCross_Hamiltonian_params/model/best_keras_model_model2_surrogate.keras,/home/olivias/ML_qubit_design/experiments/model_predict_qubit_TransmonCross_Hamiltonian_params/model/surrogate_loss_2in_3out_best_model.keras,/home/olivias/ML_qubit_design/experiments/model_predict_qubit_TransmonCross_Hamiltonian_params/model/surrogate_loss_2in_3out_best_model.keras,"[64, 3]",Adam,"ExponentialDecay({'initial_learning_rate': 0.001, 'decay_steps': 220, 'decay_rate': 0.99, 'staircase': False, 'name': 'ExponentialDecay'})",mae,1.0,True,400,128,60,0.8943773164695032,0.9266500404846253,1.063244702132056,0.2699280692721168,0.6386178939400738,0.45427298160609525,1.476081442248389,2.7480673614058695,2.112074401827129,0.6709267236872585,1.2088741208580691,0.9399004222726639,-0.005304282531142235,0.9501644968986511,0.00012390151096042246,0.005304282531142235
corner_test_far_to_near_by_test_geometry_nn_distance,50.0,2.0,420.0,70.0,4.1,420.0,0.2,20.0,270,0,/home/olivias/ML_qubit_design/experiments/model_predict_qubit_TransmonCross_Hamiltonian_params/model/best_keras_model_model2_surrogate.keras,/home/olivias/ML_qubit_design/experiments/model_predict_qubit_TransmonCross_Hamiltonian_params/model/surrogate_loss_2in_3out_best_model.keras,/home/olivias/ML_qubit_design/experiments/model_predict_qubit_TransmonCross_Hamiltonian_params/model/surrogate_loss_2in_3out_best_model.keras,"[64, 3]",Adam,"ExponentialDecay({'initial_learning_rate': 0.001, 'decay_steps': 220, 'decay_rate': 0.99, 'staircase': False, 'name': 'ExponentialDecay'})",mae,1.0,True,400,128,60,0.8672719035266728,0.8943773164695032,1.063244702132056,0.18653971882318282,0.3086555981685802,0.24759765849588153,0.164375931704907,0.43477329345852483,0.29957461258171597,0.15034445297658647,0.36413053081916696,0.2572374918978767,-0.019405853003263474,0.9950582981109619,0.0031995440367609262,0.019405853003263474
corner_test_far_to_near_by_test_geometry_nn_distance,50.0,2.0,420.0,70.0,4.1,420.0,0.2,20.0,270,1,/home/olivias/ML_qubit_design/experiments/model_predict_qubit_TransmonCross_Hamiltonian_params/model/best_keras_model_model2_surrogate.keras,/home/olivias/ML_qubit_design/experiments/model_predict_qubit_TransmonCross_Hamiltonian_params/model/surrogate_loss_2in_3out_best_model.keras,/home/olivias/ML_qubit_design/experiments/model_predict_qubit_TransmonCross_Hamiltonian_params/model/surrogate_loss_2in_3out_best_model.keras,"[64, 3]",Adam,"ExponentialDecay({'initial_learning_rate': 0.001, 'decay_steps': 220, 'decay_rate': 0.99, 'staircase': False, 'name': 'ExponentialDecay'})",mae,1.0,True,260,128,60,0.8672719035266728,0.8943773164695032,1.063244702132056,0.22944501810483875,0.2684902008623488,0.24896760948359375,0.16547616311668056,0.2992682445702182,0.23237220384344937,0.16483399439699983,0.1931366125681409,0.17898530348257036,-0.0093687754124403,0.9934553503990173,0.0020796586759388447,0.0093687754124403
corner_test_far_to_near_by_test_geometry_nn_distance,50.0,2.0,420.0,70.0,4.1,420.0,0.2,20.0,270,2,/home/olivias/ML_qubit_design/experiments/model_predict_qubit_TransmonCross_Hamiltonian_params/model/best_keras_model_model2_surrogate.keras,/home/olivias/ML_qubit_design/experiments/model_predict_qubit_TransmonCross_Hamiltonian_params/model/surrogate_loss_2in_3out_best_model.keras,/home/olivias/ML_qubit_design/experiments/model_predict_qubit_TransmonCross_Hamiltonian_params/model/surrogate_loss_2in_3out_best_model.keras,"[64, 3]",Adam,"ExponentialDecay({'initial_learning_rate': 0.001, 'decay_steps': 220, 'decay_rate': 0.99, 'staircase': False, 'name': 'ExponentialDecay'})",mae,1.0,True,232,128,60,0.8672719035266728,0.8943773164695032,1.063244702132056,0.18119227822990955,0.323487219185272,0.25233974870759074,0.10144262983647588,0.3593615226903772,0.23040207626342651,0.12519462906530085,0.34214862390906975,0.23367162648718537,-0.010133368894457817,0.9919994473457336,0.0012687616981565952,0.010133368894457817
corner_test_far_to_near_by_test_geometry_nn_distance,50.0,2.0,420.0,70.0,4.1,420.0,0.3,30.0,406,0,/home/olivias/ML_qubit_design/experiments/model_predict_qubit_TransmonCross_Hamiltonian_params/model/best_keras_model_model2_surrogate.keras,/home/olivias/ML_qubit_design/experiments/model_predict_qubit_TransmonCross_Hamiltonian_params/model/surrogate_loss_2in_3out_best_model.keras,/home/olivias/ML_qubit_design/experiments/model_predict_qubit_TransmonCross_Hamiltonian_params/model/surrogate_loss_2in_3out_best_model.keras,"[64, 3]",Adam,"ExponentialDecay({'initial_learning_rate': 0.001, 'decay_steps': 220, 'decay_rate': 0.99, 'staircase': False, 'name': 'ExponentialDecay'})",mae,1.0,True,400,128,60,0.8528582333641544,0.8783190201761842,1.063244702132056,0.14933280417436484,0.3067400859453975,0.22803644505988116,0.10429148096395198,0.3094500233290582,0.20687075214650505,0.12630949202327982,0.2798146308832849,0.20306206145328232,-0.004094782285392284,0.9945644736289978,0.0005979781271889806,0.004094782285392284
corner_test_far_to_near_by_test_geometry_nn_distance,50.0,2.0,420.0,70.0,4.1,420.0,0.3,30.0,406,1,/home/olivias/ML_qubit_design/experiments/model_predict_qubit_TransmonCross_Hamiltonian_params/model/best_keras_model_model2_surrogate.keras,/home/olivias/ML_qubit_design/experiments/model_predict_qubit_TransmonCross_Hamiltonian_params/model/surrogate_loss_2in_3out_best_model.keras,/home/olivias/ML_qubit_design/experiments/model_predict_qubit_TransmonCross_Hamiltonian_params/model/surrogate_loss_2in_3out_best_model.keras,"[64, 3]",Adam,"ExponentialDecay({'initial_learning_rate': 0.001, 'decay_steps': 220, 'decay_rate': 0.99, 'staircase': False, 'name': 'ExponentialDecay'})",mae,1.0,True,179,128,60,0.8528582333641544,0.8783190201761842,1.063244702132056,0.16992181701861567,0.3044623477422013,0.23719208238040848,0.12963845924699444,0.26454013756835293,0.19708929840767367,0.1427251116513692,0.25021899619338916,0.19647205392237918,-0.007205461151897907,0.9934274554252625,0.0014549560146406293,0.007205461151897907
corner_test_far_to_near_by_test_geometry_nn_distance,50.0,2.0,420.0,70.0,4.1,420.0,0.3,30.0,406,2,/home/olivias/ML_qubit_design/experiments/model_predict_qubit_TransmonCross_Hamiltonian_params/model/best_keras_model_model2_surrogate.keras,/home/olivias/ML_qubit_design/experiments/model_predict_qubit_TransmonCross_Hamiltonian_params/model/surrogate_loss_2in_3out_best_model.keras,/home/olivias/ML_qubit_design/experiments/model_predict_qubit_TransmonCross_Hamiltonian_params/model/surrogate_loss_2in_3out_best_model.keras,"[64, 3]",Adam,"ExponentialDecay({'initial_learning_rate': 0.001, 'decay_steps': 220, 'decay_rate': 0.99, 'staircase': False, 'name': 'ExponentialDecay'})",mae,1.0,True,224,128,60,0.8528582333641544,0.8783190201761842,1.063244702132056,0.16304970665483995,0.3017911535857167,0.23242043012027833,0.11036165184833494,0.220704267348523,0.16553295959842898,0.14710866350462326,0.22057667551745236,0.1838426695110378,0.006256837397813797,0.9863597750663757,0.0,0.0
corner_test_far_to_near_by_test_geometry_nn_distance,50.0,2.0,420.0,70.0,4.1,420.0,0.5,50.0,676,0,/home/olivias/ML_qubit_design/experiments/model_predict_qubit_TransmonCross_Hamiltonian_params/model/best_keras_model_model2_surrogate.keras,/home/olivias/ML_qubit_design/experiments/model_predict_qubit_TransmonCross_Hamiltonian_params/model/surrogate_loss_2in_3out_best_model.keras,/home/olivias/ML_qubit_design/experiments/model_predict_qubit_TransmonCross_Hamiltonian_params/model/surrogate_loss_2in_3out_best_model.keras,"[64, 3]",Adam,"ExponentialDecay({'initial_learning_rate': 0.001, 'decay_steps': 220, 'decay_rate': 0.99, 'staircase': False, 'name': 'ExponentialDecay'})",mae,1.0,True,400,128,60,0.7459015365417774,0.8608956213735914,1.063244702132056,0.11905921614856724,0.20584473207831205,0.16245197411343962,0.11819996047988697,0.3149566313944982,0.21657829593719258,0.09812875514136533,0.2112084018741213,0.1546685785077433,0.043449174612760544,0.9832151532173157,0.0,0.0
corner_test_far_to_near_by_test_geometry_nn_distance,50.0,2.0,420.0,70.0,4.1,420.0,0.5,50.0,676,1,/home/olivias/ML_qubit_design/experiments/model_predict_qubit_TransmonCross_Hamiltonian_params/model/best_keras_model_model2_surrogate.keras,/home/olivias/ML_qubit_design/experiments/model_predict_qubit_TransmonCross_Hamiltonian_params/model/surrogate_loss_2in_3out_best_model.keras,/home/olivias/ML_qubit_design/experiments/model_predict_qubit_TransmonCross_Hamiltonian_params/model/surrogate_loss_2in_3out_best_model.keras,"[64, 3]",Adam,"ExponentialDecay({'initial_learning_rate': 0.001, 'decay_steps': 220, 'decay_rate': 0.99, 'staircase': False, 'name': 'ExponentialDecay'})",mae,1.0,True,400,128,60,0.7459015365417774,0.8608956213735914,1.063244702132056,0.07839941924078968,0.24432971860077557,0.1613645689207826,0.07699161242310161,0.3198937344628411,0.19844267344297134,0.07134896074738753,0.225746509103289,0.14854773492533827,0.05156461149454117,0.9862060546875,0.0,0.0
corner_test_far_to_near_by_test_geometry_nn_distance,50.0,2.0,420.0,70.0,4.1,420.0,0.5,50.0,676,2,/home/olivias/ML_qubit_design/experiments/model_predict_qubit_TransmonCross_Hamiltonian_params/model/best_keras_model_model2_surrogate.keras,/home/olivias/ML_qubit_design/experiments/model_predict_qubit_TransmonCross_Hamiltonian_params/model/surrogate_loss_2in_3out_best_model.keras,/home/olivias/ML_qubit_design/experiments/model_predict_qubit_TransmonCross_Hamiltonian_params/model/surrogate_loss_2in_3out_best_model.keras,"[64, 3]",Adam,"ExponentialDecay({'initial_learning_rate': 0.001, 'decay_steps': 220, 'decay_rate': 0.99, 'staircase': False, 'name': 'ExponentialDecay'})",mae,1.0,True,163,128,60,0.7459015365417774,0.8608956213735914,1.063244702132056,0.14265148101924324,0.3244992968101576,0.23357538891470042,0.10409470732394417,0.3196768764378409,0.21188579188089252,0.12341511450232683,0.31822577288698417,0.22082044369465556,-0.0015615792945027351,0.9816751480102539,4.8347188567277044e-05,0.0015615792945027351
corner_test_far_to_near_by_test_geometry_nn_distance,50.0,2.0,420.0,70.0,4.1,420.0,0.7,70.0,946,0,/home/olivias/ML_qubit_design/experiments/model_predict_qubit_TransmonCross_Hamiltonian_params/model/best_keras_model_model2_surrogate.keras,/home/olivias/ML_qubit_design/experiments/model_predict_qubit_TransmonCross_Hamiltonian_params/model/surrogate_loss_2in_3out_best_model.keras,/home/olivias/ML_qubit_design/experiments/model_predict_qubit_TransmonCross_Hamiltonian_params/model/surrogate_loss_2in_3out_best_model.keras,"[64, 3]",Adam,"ExponentialDecay({'initial_learning_rate': 0.001, 'decay_steps': 220, 'decay_rate': 0.99, 'staircase': False, 'name': 'ExponentialDecay'})",mae,1.0,True,400,128,60,0.6949152542372881,0.848540498180644,1.063244702132056,0.07091320748908714,0.27029727656802605,0.1706052420285566,0.05995786178686993,0.27798414155669415,0.16897100167178203,0.07105580974276723,0.2525274247053647,0.16179161722406593,0.034922003746032715,0.9810782670974731,0.0,0.0
corner_test_far_to_near_by_test_geometry_nn_distance,50.0,2.0,420.0,70.0,4.1,420.0,0.7,70.0,946,1,/home/olivias/ML_qubit_design/experiments/model_predict_qubit_TransmonCross_Hamiltonian_params/model/best_keras_model_model2_surrogate.keras,/home/olivias/ML_qubit_design/experiments/model_predict_qubit_TransmonCross_Hamiltonian_params/model/surrogate_loss_2in_3out_best_model.keras,/home/olivias/ML_qubit_design/experiments/model_predict_qubit_TransmonCross_Hamiltonian_params/model/surrogate_loss_2in_3out_best_model.keras,"[64, 3]",Adam,"ExponentialDecay({'initial_learning_rate': 0.001, 'decay_steps': 220, 'decay_rate': 0.99, 'staircase': False, 'name': 'ExponentialDecay'})",mae,1.0,True,383,128,60,0.6949152542372881,0.848540498180644,1.063244702132056,0.06970590186506558,0.2475351105513041,0.15862050620818485,0.058613500944439886,0.2821950340391648,0.17040426749180235,0.06401138352309009,0.2292218226738847,0.1466166030984874,0.05036844685673714,0.9852249026298523,0.0,0.0
corner_test_far_to_near_by_test_geometry_nn_distance,50.0,2.0,420.0,70.0,4.1,420.0,0.7,70.0,946,2,/home/olivias/ML_qubit_design/experiments/model_predict_qubit_TransmonCross_Hamiltonian_params/model/best_keras_model_model2_surrogate.keras,/home/olivias/ML_qubit_design/experiments/model_predict_qubit_TransmonCross_Hamiltonian_params/model/surrogate_loss_2in_3out_best_model.keras,/home/olivias/ML_qubit_design/experiments/model_predict_qubit_TransmonCross_Hamiltonian_params/model/surrogate_loss_2in_3out_best_model.keras,"[64, 3]",Adam,"ExponentialDecay({'initial_learning_rate': 0.001, 'decay_steps': 220, 'decay_rate': 0.99, 'staircase': False, 'name': 'ExponentialDecay'})",mae,1.0,True,400,128,60,0.6949152542372881,0.848540498180644,1.063244702132056,0.07459222615992989,0.28162434419577453,0.1781082851778522,0.07719453570530226,0.2822966848185516,0.17974561026192692,0.0756357347920201,0.2174582257248494,0.14654698025843477,0.048717789351940155,0.9822148680686951,0.0,0.0
corner_test_far_to_near_by_test_geometry_nn_distance,50.0,2.0,420.0,70.0,4.1,420.0,1.0,100.0,1352,0,/home/olivias/ML_qubit_design/experiments/model_predict_qubit_TransmonCross_Hamiltonian_params/model/best_keras_model_model2_surrogate.keras,/home/olivias/ML_qubit_design/experiments/model_predict_qubit_TransmonCross_Hamiltonian_params/model/surrogate_loss_2in_3out_best_model.keras,/home/olivias/ML_qubit_design/experiments/model_predict_qubit_TransmonCross_Hamiltonian_params/model/surrogate_loss_2in_3out_best_model.keras,"[64, 3]",Adam,"ExponentialDecay({'initial_learning_rate': 0.001, 'decay_steps': 220, 'decay_rate': 0.99, 'staircase': False, 'name': 'ExponentialDecay'})",mae,1.0,True,400,128,60,0.1766955119650091,0.7459015365417774,1.063244702132056,0.06489159596459236,0.24455442943995745,0.1547230127022749,0.05511573874544145,0.2990623069731374,0.1770890228592894,0.0640167697925396,0.23958973345411394,0.15180325162332683,0.01836710050702095,0.9804357290267944,0.0,0.0
corner_test_far_to_near_by_test_geometry_nn_distance,50.0,2.0,420.0,70.0,4.1,420.0,1.0,100.0,1352,1,/home/olivias/ML_qubit_design/experiments/model_predict_qubit_TransmonCross_Hamiltonian_params/model/best_keras_model_model2_surrogate.keras,/home/olivias/ML_qubit_design/experiments/model_predict_qubit_TransmonCross_Hamiltonian_params/model/surrogate_loss_2in_3out_best_model.keras,/home/olivias/ML_qubit_design/experiments/model_predict_qubit_TransmonCross_Hamiltonian_params/model/surrogate_loss_2in_3out_best_model.keras,"[64, 3]",Adam,"ExponentialDecay({'initial_learning_rate': 0.001, 'decay_steps': 220, 'decay_rate': 0.99, 'staircase': False, 'name': 'ExponentialDecay'})",mae,1.0,True,308,128,60,0.1766955119650091,0.7459015365417774,1.063244702132056,0.06848568926808304,0.23632129012405687,0.15240348969606993,0.06710942291217582,0.2757940463278376,0.17145173462000673,0.0679568619351372,0.21613261464387648,0.1420447382895068,0.05582783371210098,0.9862046837806702,0.0,0.0
corner_test_far_to_near_by_test_geometry_nn_distance,50.0,2.0,420.0,70.0,4.1,420.0,1.0,100.0,1352,2,/home/olivias/ML_qubit_design/experiments/model_predict_qubit_TransmonCross_Hamiltonian_params/model/best_keras_model_model2_surrogate.keras,/home/olivias/ML_qubit_design/experiments/model_predict_qubit_TransmonCross_Hamiltonian_params/model/surrogate_loss_2in_3out_best_model.keras,/home/olivias/ML_qubit_design/experiments/model_predict_qubit_TransmonCross_Hamiltonian_params/model/surrogate_loss_2in_3out_best_model.keras,"[64, 3]",Adam,"ExponentialDecay({'initial_learning_rate': 0.001, 'decay_steps': 220, 'decay_rate': 0.99, 'staircase': False, 'name': 'ExponentialDecay'})",mae,1.0,True,168,128,60,0.1766955119650091,0.7459015365417774,1.063244702132056,0.14611073702296629,0.23946890769227472,0.1927898223576205,0.11130529185788121,0.2580138224887189,0.18465955717330007,0.13161643103541604,0.24816821974989475,0.18989232539265535,-0.0036460962146520615,0.9885388016700745,8.386981789954007e-05,0.0036460962146520615
