selection_method,requested_corner_claw_um,requested_corner_ground_um,requested_corner_cross_um,used_corner_claw_um,used_corner_ground_um,used_corner_cross_um,fraction,training_percent,n_samples,seed,surrogate_model_path,surrogate_training_mode,combined_reference_model_path,inverse_reference_model_path,inverse_dense_units,optimizer,learning_rate,reconstruction_loss,range_penalty_weight,jit_compile,epochs_run,batch_size,early_stopping_patience,subset_to_test_nn_distance_min,subset_to_test_nn_distance_median,subset_to_test_nn_distance_max,train_fq_mean_pct,train_alpha_mean_pct,train_mean_hamiltonian_pct,val_fq_mean_pct,val_alpha_mean_pct,val_mean_hamiltonian_pct,test_fq_mean_pct,test_alpha_mean_pct,test_mean_hamiltonian_pct,test_qiskit_scaled_min,test_qiskit_scaled_max,test_qiskit_range_violation_mean,test_qiskit_range_violation_max
corner_test_far_to_near_by_test_geometry_nn_distance_fixed_pretrained_surrogate,50.0,2.0,420.0,70.0,4.1,420.0,0.05,5.0,68,0,/home/olivias/ML_qubit_design/experiments/model_predict_qubit_TransmonCross_Hamiltonian_params/model/best_keras_model_model2_surrogate.keras,fixed_pretrained_repo_surrogate,/home/olivias/ML_qubit_design/experiments/model_predict_qubit_TransmonCross_Hamiltonian_params/model/surrogate_loss_2in_3out_best_model.keras,/home/olivias/ML_qubit_design/experiments/model_predict_qubit_TransmonCross_Hamiltonian_params/model/surrogate_loss_2in_3out_best_model.keras,"[64, 3]",Adam,"ExponentialDecay({'initial_learning_rate': 0.001, 'decay_steps': 220, 'decay_rate': 0.99, 'staircase': False, 'name': 'ExponentialDecay'})",mae,1.0,True,173,128,60,0.8757013948690047,0.894633922446123,0.9711650080807196,5.764315910527152,12.84486455863087,9.30459023457901,4.568901599777135,9.77278639978066,7.170843999778899,4.059114842301521,8.678307453786621,6.368711148044071,0.05245699733495712,0.7969540953636169,0.0,0.0
corner_test_far_to_near_by_test_geometry_nn_distance_fixed_pretrained_surrogate,50.0,2.0,420.0,70.0,4.1,420.0,0.05,5.0,68,1,/home/olivias/ML_qubit_design/experiments/model_predict_qubit_TransmonCross_Hamiltonian_params/model/best_keras_model_model2_surrogate.keras,fixed_pretrained_repo_surrogate,/home/olivias/ML_qubit_design/experiments/model_predict_qubit_TransmonCross_Hamiltonian_params/model/surrogate_loss_2in_3out_best_model.keras,/home/olivias/ML_qubit_design/experiments/model_predict_qubit_TransmonCross_Hamiltonian_params/model/surrogate_loss_2in_3out_best_model.keras,"[64, 3]",Adam,"ExponentialDecay({'initial_learning_rate': 0.001, 'decay_steps': 220, 'decay_rate': 0.99, 'staircase': False, 'name': 'ExponentialDecay'})",mae,1.0,True,400,128,60,0.8757013948690047,0.894633922446123,0.9711650080807196,0.36635810831474336,0.6271871625698276,0.49677263544228545,2.11844985473875,4.066919673753083,3.0926847642459165,2.1264639236081675,4.151998345969527,3.1392311347888473,0.07788597047328949,0.9395973086357117,0.0,0.0
corner_test_far_to_near_by_test_geometry_nn_distance_fixed_pretrained_surrogate,50.0,2.0,420.0,70.0,4.1,420.0,0.05,5.0,68,2,/home/olivias/ML_qubit_design/experiments/model_predict_qubit_TransmonCross_Hamiltonian_params/model/best_keras_model_model2_surrogate.keras,fixed_pretrained_repo_surrogate,/home/olivias/ML_qubit_design/experiments/model_predict_qubit_TransmonCross_Hamiltonian_params/model/surrogate_loss_2in_3out_best_model.keras,/home/olivias/ML_qubit_design/experiments/model_predict_qubit_TransmonCross_Hamiltonian_params/model/surrogate_loss_2in_3out_best_model.keras,"[64, 3]",Adam,"ExponentialDecay({'initial_learning_rate': 0.001, 'decay_steps': 220, 'decay_rate': 0.99, 'staircase': False, 'name': 'ExponentialDecay'})",mae,1.0,True,400,128,60,0.8757013948690047,0.894633922446123,0.9711650080807196,0.3561470599002268,0.5232646230923038,0.4397058414962654,2.083238805068487,3.961891861425331,3.0225653332469093,2.0786132312446486,3.991150275485708,3.0348817533651786,0.05405738204717636,0.9409600496292114,0.0,0.0
corner_test_far_to_near_by_test_geometry_nn_distance_fixed_pretrained_surrogate,50.0,2.0,420.0,70.0,4.1,420.0,0.1,10.0,135,0,/home/olivias/ML_qubit_design/experiments/model_predict_qubit_TransmonCross_Hamiltonian_params/model/best_keras_model_model2_surrogate.keras,fixed_pretrained_repo_surrogate,/home/olivias/ML_qubit_design/experiments/model_predict_qubit_TransmonCross_Hamiltonian_params/model/surrogate_loss_2in_3out_best_model.keras,/home/olivias/ML_qubit_design/experiments/model_predict_qubit_TransmonCross_Hamiltonian_params/model/surrogate_loss_2in_3out_best_model.keras,"[64, 3]",Adam,"ExponentialDecay({'initial_learning_rate': 0.001, 'decay_steps': 220, 'decay_rate': 0.99, 'staircase': False, 'name': 'ExponentialDecay'})",mae,1.0,True,111,128,60,0.8656822359908626,0.8757013948690047,0.9711650080807196,8.734093164677628,19.75105430777314,14.242573736225383,4.421097588664575,9.747915925082653,7.084506756873613,3.9596803079318543,8.771372626904043,6.365526467417948,-0.060539260506629944,0.764747679233551,0.0005028432351537049,0.060539260506629944
corner_test_far_to_near_by_test_geometry_nn_distance_fixed_pretrained_surrogate,50.0,2.0,420.0,70.0,4.1,420.0,0.1,10.0,135,1,/home/olivias/ML_qubit_design/experiments/model_predict_qubit_TransmonCross_Hamiltonian_params/model/best_keras_model_model2_surrogate.keras,fixed_pretrained_repo_surrogate,/home/olivias/ML_qubit_design/experiments/model_predict_qubit_TransmonCross_Hamiltonian_params/model/surrogate_loss_2in_3out_best_model.keras,/home/olivias/ML_qubit_design/experiments/model_predict_qubit_TransmonCross_Hamiltonian_params/model/surrogate_loss_2in_3out_best_model.keras,"[64, 3]",Adam,"ExponentialDecay({'initial_learning_rate': 0.001, 'decay_steps': 220, 'decay_rate': 0.99, 'staircase': False, 'name': 'ExponentialDecay'})",mae,1.0,True,400,128,60,0.8656822359908626,0.8757013948690047,0.9711650080807196,0.8412186855151306,1.511422206273069,1.1763204458940997,1.080432613093138,1.8208381759916306,1.4506353945423844,1.013049257325106,1.7260819340637965,1.369565595694451,0.012387221679091454,0.9387810826301575,0.0,0.0
corner_test_far_to_near_by_test_geometry_nn_distance_fixed_pretrained_surrogate,50.0,2.0,420.0,70.0,4.1,420.0,0.1,10.0,135,2,/home/olivias/ML_qubit_design/experiments/model_predict_qubit_TransmonCross_Hamiltonian_params/model/best_keras_model_model2_surrogate.keras,fixed_pretrained_repo_surrogate,/home/olivias/ML_qubit_design/experiments/model_predict_qubit_TransmonCross_Hamiltonian_params/model/surrogate_loss_2in_3out_best_model.keras,/home/olivias/ML_qubit_design/experiments/model_predict_qubit_TransmonCross_Hamiltonian_params/model/surrogate_loss_2in_3out_best_model.keras,"[64, 3]",Adam,"ExponentialDecay({'initial_learning_rate': 0.001, 'decay_steps': 220, 'decay_rate': 0.99, 'staircase': False, 'name': 'ExponentialDecay'})",mae,1.0,True,400,128,60,0.8656822359908626,0.8757013948690047,0.9711650080807196,0.49739546812601965,0.7573826796474614,0.6273890738867406,2.6059639206183136,5.039045074854564,3.822504497736439,2.505189609210413,4.878904789528288,3.6920471993693504,0.0003112480044364929,0.9385164380073547,0.0,0.0
corner_test_far_to_near_by_test_geometry_nn_distance_fixed_pretrained_surrogate,50.0,2.0,420.0,70.0,4.1,420.0,0.2,20.0,270,0,/home/olivias/ML_qubit_design/experiments/model_predict_qubit_TransmonCross_Hamiltonian_params/model/best_keras_model_model2_surrogate.keras,fixed_pretrained_repo_surrogate,/home/olivias/ML_qubit_design/experiments/model_predict_qubit_TransmonCross_Hamiltonian_params/model/surrogate_loss_2in_3out_best_model.keras,/home/olivias/ML_qubit_design/experiments/model_predict_qubit_TransmonCross_Hamiltonian_params/model/surrogate_loss_2in_3out_best_model.keras,"[64, 3]",Adam,"ExponentialDecay({'initial_learning_rate': 0.001, 'decay_steps': 220, 'decay_rate': 0.99, 'staircase': False, 'name': 'ExponentialDecay'})",mae,1.0,True,400,128,60,0.8523197126498249,0.8656822359908626,0.9711650080807196,0.12120508214939994,0.35994773143605574,0.24057640679272788,0.3783953539679197,1.0000702019395533,0.6892327779537365,0.38738534082884685,0.9781298242726912,0.682757582550769,0.020431550219655037,0.9595866799354553,0.0,0.0
corner_test_far_to_near_by_test_geometry_nn_distance_fixed_pretrained_surrogate,50.0,2.0,420.0,70.0,4.1,420.0,0.2,20.0,270,1,/home/olivias/ML_qubit_design/experiments/model_predict_qubit_TransmonCross_Hamiltonian_params/model/best_keras_model_model2_surrogate.keras,fixed_pretrained_repo_surrogate,/home/olivias/ML_qubit_design/experiments/model_predict_qubit_TransmonCross_Hamiltonian_params/model/surrogate_loss_2in_3out_best_model.keras,/home/olivias/ML_qubit_design/experiments/model_predict_qubit_TransmonCross_Hamiltonian_params/model/surrogate_loss_2in_3out_best_model.keras,"[64, 3]",Adam,"ExponentialDecay({'initial_learning_rate': 0.001, 'decay_steps': 220, 'decay_rate': 0.99, 'staircase': False, 'name': 'ExponentialDecay'})",mae,1.0,True,400,128,60,0.8523197126498249,0.8656822359908626,0.9711650080807196,0.14339846574462717,0.3037210457053194,0.22355975572497325,0.09627255407392779,0.32875946970521347,0.21251601188957062,0.08226011542125791,0.34045116436827566,0.2113556398947668,0.01988421566784382,0.9633703231811523,0.0,0.0
corner_test_far_to_near_by_test_geometry_nn_distance_fixed_pretrained_surrogate,50.0,2.0,420.0,70.0,4.1,420.0,0.2,20.0,270,2,/home/olivias/ML_qubit_design/experiments/model_predict_qubit_TransmonCross_Hamiltonian_params/model/best_keras_model_model2_surrogate.keras,fixed_pretrained_repo_surrogate,/home/olivias/ML_qubit_design/experiments/model_predict_qubit_TransmonCross_Hamiltonian_params/model/surrogate_loss_2in_3out_best_model.keras,/home/olivias/ML_qubit_design/experiments/model_predict_qubit_TransmonCross_Hamiltonian_params/model/surrogate_loss_2in_3out_best_model.keras,"[64, 3]",Adam,"ExponentialDecay({'initial_learning_rate': 0.001, 'decay_steps': 220, 'decay_rate': 0.99, 'staircase': False, 'name': 'ExponentialDecay'})",mae,1.0,True,400,128,60,0.8523197126498249,0.8656822359908626,0.9711650080807196,0.11424279710802573,0.28505261336853693,0.19964770523828135,0.10945463963328728,0.393030241931442,0.25124244078236463,0.11595462188851416,0.3628518595087564,0.2394032406986353,-0.0023988429456949234,0.9613774418830872,2.3286480427486822e-05,0.0023988429456949234
corner_test_far_to_near_by_test_geometry_nn_distance_fixed_pretrained_surrogate,50.0,2.0,420.0,70.0,4.1,420.0,0.3,30.0,406,0,/home/olivias/ML_qubit_design/experiments/model_predict_qubit_TransmonCross_Hamiltonian_params/model/best_keras_model_model2_surrogate.keras,fixed_pretrained_repo_surrogate,/home/olivias/ML_qubit_design/experiments/model_predict_qubit_TransmonCross_Hamiltonian_params/model/surrogate_loss_2in_3out_best_model.keras,/home/olivias/ML_qubit_design/experiments/model_predict_qubit_TransmonCross_Hamiltonian_params/model/surrogate_loss_2in_3out_best_model.keras,"[64, 3]",Adam,"ExponentialDecay({'initial_learning_rate': 0.001, 'decay_steps': 220, 'decay_rate': 0.99, 'staircase': False, 'name': 'ExponentialDecay'})",mae,1.0,True,383,128,60,0.8479992354991301,0.856618399134557,0.9711650080807196,0.1779258302818811,0.2526095413255909,0.21526768580373598,0.12164598810238553,0.2714995695011094,0.19657277880174745,0.12987993812546839,0.2622398459362983,0.19605989203088334,0.006230836734175682,0.9922772645950317,0.0,0.0
corner_test_far_to_near_by_test_geometry_nn_distance_fixed_pretrained_surrogate,50.0,2.0,420.0,70.0,4.1,420.0,0.3,30.0,406,1,/home/olivias/ML_qubit_design/experiments/model_predict_qubit_TransmonCross_Hamiltonian_params/model/best_keras_model_model2_surrogate.keras,fixed_pretrained_repo_surrogate,/home/olivias/ML_qubit_design/experiments/model_predict_qubit_TransmonCross_Hamiltonian_params/model/surrogate_loss_2in_3out_best_model.keras,/home/olivias/ML_qubit_design/experiments/model_predict_qubit_TransmonCross_Hamiltonian_params/model/surrogate_loss_2in_3out_best_model.keras,"[64, 3]",Adam,"ExponentialDecay({'initial_learning_rate': 0.001, 'decay_steps': 220, 'decay_rate': 0.99, 'staircase': False, 'name': 'ExponentialDecay'})",mae,1.0,True,353,128,60,0.8479992354991301,0.856618399134557,0.9711650080807196,0.1252418083698067,0.1923720528381382,0.15880693060397247,0.11033157904385409,0.27100155204845244,0.19066656554615327,0.11180245344910326,0.25274247403727523,0.18227246374318926,0.03934861347079277,0.987653911113739,0.0,0.0
corner_test_far_to_near_by_test_geometry_nn_distance_fixed_pretrained_surrogate,50.0,2.0,420.0,70.0,4.1,420.0,0.3,30.0,406,2,/home/olivias/ML_qubit_design/experiments/model_predict_qubit_TransmonCross_Hamiltonian_params/model/best_keras_model_model2_surrogate.keras,fixed_pretrained_repo_surrogate,/home/olivias/ML_qubit_design/experiments/model_predict_qubit_TransmonCross_Hamiltonian_params/model/surrogate_loss_2in_3out_best_model.keras,/home/olivias/ML_qubit_design/experiments/model_predict_qubit_TransmonCross_Hamiltonian_params/model/surrogate_loss_2in_3out_best_model.keras,"[64, 3]",Adam,"ExponentialDecay({'initial_learning_rate': 0.001, 'decay_steps': 220, 'decay_rate': 0.99, 'staircase': False, 'name': 'ExponentialDecay'})",mae,1.0,True,256,128,60,0.8479992354991301,0.856618399134557,0.9711650080807196,0.16684595432174867,0.26991089864982776,0.21837842648578817,0.1185202016631504,0.288636879176324,0.20357854041973722,0.11923589120762887,0.26486099030557014,0.1920484407565995,-0.0034868046641349792,0.985462486743927,9.903808677336201e-05,0.0034868046641349792
corner_test_far_to_near_by_test_geometry_nn_distance_fixed_pretrained_surrogate,50.0,2.0,420.0,70.0,4.1,420.0,0.5,50.0,676,0,/home/olivias/ML_qubit_design/experiments/model_predict_qubit_TransmonCross_Hamiltonian_params/model/best_keras_model_model2_surrogate.keras,fixed_pretrained_repo_surrogate,/home/olivias/ML_qubit_design/experiments/model_predict_qubit_TransmonCross_Hamiltonian_params/model/surrogate_loss_2in_3out_best_model.keras,/home/olivias/ML_qubit_design/experiments/model_predict_qubit_TransmonCross_Hamiltonian_params/model/surrogate_loss_2in_3out_best_model.keras,"[64, 3]",Adam,"ExponentialDecay({'initial_learning_rate': 0.001, 'decay_steps': 220, 'decay_rate': 0.99, 'staircase': False, 'name': 'ExponentialDecay'})",mae,1.0,True,400,128,60,0.7014912308982475,0.8496219890891173,0.9711650080807196,0.09077412334397576,0.2800654967230802,0.18541981003352798,0.08312804418574547,0.2783336931358818,0.18073086866081362,0.08973872066089313,0.2799975747494149,0.184868147705154,0.04259582608938217,0.9822511672973633,0.0,0.0
corner_test_far_to_near_by_test_geometry_nn_distance_fixed_pretrained_surrogate,50.0,2.0,420.0,70.0,4.1,420.0,0.5,50.0,676,1,/home/olivias/ML_qubit_design/experiments/model_predict_qubit_TransmonCross_Hamiltonian_params/model/best_keras_model_model2_surrogate.keras,fixed_pretrained_repo_surrogate,/home/olivias/ML_qubit_design/experiments/model_predict_qubit_TransmonCross_Hamiltonian_params/model/surrogate_loss_2in_3out_best_model.keras,/home/olivias/ML_qubit_design/experiments/model_predict_qubit_TransmonCross_Hamiltonian_params/model/surrogate_loss_2in_3out_best_model.keras,"[64, 3]",Adam,"ExponentialDecay({'initial_learning_rate': 0.001, 'decay_steps': 220, 'decay_rate': 0.99, 'staircase': False, 'name': 'ExponentialDecay'})",mae,1.0,True,400,128,60,0.7014912308982475,0.8496219890891173,0.9711650080807196,0.10779194110669824,0.28589380856605245,0.19684287483637536,0.10288526369314209,0.29031517609224017,0.1966002198926911,0.10394647913404839,0.2744230782990954,0.1891847787165719,-0.0016177925281226635,0.9938257932662964,1.5733714462839998e-05,0.0016177925281226635
corner_test_far_to_near_by_test_geometry_nn_distance_fixed_pretrained_surrogate,50.0,2.0,420.0,70.0,4.1,420.0,0.5,50.0,676,2,/home/olivias/ML_qubit_design/experiments/model_predict_qubit_TransmonCross_Hamiltonian_params/model/best_keras_model_model2_surrogate.keras,fixed_pretrained_repo_surrogate,/home/olivias/ML_qubit_design/experiments/model_predict_qubit_TransmonCross_Hamiltonian_params/model/surrogate_loss_2in_3out_best_model.keras,/home/olivias/ML_qubit_design/experiments/model_predict_qubit_TransmonCross_Hamiltonian_params/model/surrogate_loss_2in_3out_best_model.keras,"[64, 3]",Adam,"ExponentialDecay({'initial_learning_rate': 0.001, 'decay_steps': 220, 'decay_rate': 0.99, 'staircase': False, 'name': 'ExponentialDecay'})",mae,1.0,True,400,128,60,0.7014912308982475,0.8496219890891173,0.9711650080807196,0.09895915980746929,0.20967084615132517,0.1543150029793972,0.09145746155523699,0.2111567421517568,0.15130710185349688,0.09776998218935995,0.21350821006103982,0.1556390961251999,0.029129717499017715,0.9826523661613464,0.0,0.0
corner_test_far_to_near_by_test_geometry_nn_distance_fixed_pretrained_surrogate,50.0,2.0,420.0,70.0,4.1,420.0,0.7,70.0,946,0,/home/olivias/ML_qubit_design/experiments/model_predict_qubit_TransmonCross_Hamiltonian_params/model/best_keras_model_model2_surrogate.keras,fixed_pretrained_repo_surrogate,/home/olivias/ML_qubit_design/experiments/model_predict_qubit_TransmonCross_Hamiltonian_params/model/surrogate_loss_2in_3out_best_model.keras,/home/olivias/ML_qubit_design/experiments/model_predict_qubit_TransmonCross_Hamiltonian_params/model/surrogate_loss_2in_3out_best_model.keras,"[64, 3]",Adam,"ExponentialDecay({'initial_learning_rate': 0.001, 'decay_steps': 220, 'decay_rate': 0.99, 'staircase': False, 'name': 'ExponentialDecay'})",mae,1.0,True,400,128,60,0.6949152542372881,0.8479992354991301,0.9711650080807196,0.0730921030427177,0.22433473655554165,0.14871341979912966,0.06105832689083111,0.2600207437353609,0.160539535313096,0.06304079332269114,0.2664912497317663,0.16476602152722872,0.052547164261341095,0.9816510677337646,0.0,0.0
corner_test_far_to_near_by_test_geometry_nn_distance_fixed_pretrained_surrogate,50.0,2.0,420.0,70.0,4.1,420.0,0.7,70.0,946,1,/home/olivias/ML_qubit_design/experiments/model_predict_qubit_TransmonCross_Hamiltonian_params/model/best_keras_model_model2_surrogate.keras,fixed_pretrained_repo_surrogate,/home/olivias/ML_qubit_design/experiments/model_predict_qubit_TransmonCross_Hamiltonian_params/model/surrogate_loss_2in_3out_best_model.keras,/home/olivias/ML_qubit_design/experiments/model_predict_qubit_TransmonCross_Hamiltonian_params/model/surrogate_loss_2in_3out_best_model.keras,"[64, 3]",Adam,"ExponentialDecay({'initial_learning_rate': 0.001, 'decay_steps': 220, 'decay_rate': 0.99, 'staircase': False, 'name': 'ExponentialDecay'})",mae,1.0,True,400,128,60,0.6949152542372881,0.8479992354991301,0.9711650080807196,0.054809509377431447,0.2827042726162497,0.1687568909968406,0.05513875187703849,0.26254186865076506,0.15884031026390175,0.054732284543930074,0.2693309988860124,0.16203164171497123,0.05208301916718483,0.9853735566139221,0.0,0.0
corner_test_far_to_near_by_test_geometry_nn_distance_fixed_pretrained_surrogate,50.0,2.0,420.0,70.0,4.1,420.0,0.7,70.0,946,2,/home/olivias/ML_qubit_design/experiments/model_predict_qubit_TransmonCross_Hamiltonian_params/model/best_keras_model_model2_surrogate.keras,fixed_pretrained_repo_surrogate,/home/olivias/ML_qubit_design/experiments/model_predict_qubit_TransmonCross_Hamiltonian_params/model/surrogate_loss_2in_3out_best_model.keras,/home/olivias/ML_qubit_design/experiments/model_predict_qubit_TransmonCross_Hamiltonian_params/model/surrogate_loss_2in_3out_best_model.keras,"[64, 3]",Adam,"ExponentialDecay({'initial_learning_rate': 0.001, 'decay_steps': 220, 'decay_rate': 0.99, 'staircase': False, 'name': 'ExponentialDecay'})",mae,1.0,True,400,128,60,0.6949152542372881,0.8479992354991301,0.9711650080807196,0.08546428689040693,0.1982373826556453,0.14185083477302612,0.07857884895732652,0.2175072872405764,0.14804306809895149,0.08256333741511397,0.2173067709923728,0.14993505420374342,0.05036669969558716,0.9824326038360596,0.0,0.0
corner_test_far_to_near_by_test_geometry_nn_distance_fixed_pretrained_surrogate,50.0,2.0,420.0,70.0,4.1,420.0,1.0,100.0,1352,0,/home/olivias/ML_qubit_design/experiments/model_predict_qubit_TransmonCross_Hamiltonian_params/model/best_keras_model_model2_surrogate.keras,fixed_pretrained_repo_surrogate,/home/olivias/ML_qubit_design/experiments/model_predict_qubit_TransmonCross_Hamiltonian_params/model/surrogate_loss_2in_3out_best_model.keras,/home/olivias/ML_qubit_design/experiments/model_predict_qubit_TransmonCross_Hamiltonian_params/model/surrogate_loss_2in_3out_best_model.keras,"[64, 3]",Adam,"ExponentialDecay({'initial_learning_rate': 0.001, 'decay_steps': 220, 'decay_rate': 0.99, 'staircase': False, 'name': 'ExponentialDecay'})",mae,1.0,True,343,128,60,0.030303030303030276,0.7014912308982475,0.9711650080807196,0.07624398642690881,0.223438937834355,0.1498414621306319,0.060613426727583034,0.25270239516009396,0.1566579109438385,0.06156250986773553,0.26388840709962325,0.16272545848367936,0.05187518894672394,0.9813039898872375,0.0,0.0
corner_test_far_to_near_by_test_geometry_nn_distance_fixed_pretrained_surrogate,50.0,2.0,420.0,70.0,4.1,420.0,1.0,100.0,1352,1,/home/olivias/ML_qubit_design/experiments/model_predict_qubit_TransmonCross_Hamiltonian_params/model/best_keras_model_model2_surrogate.keras,fixed_pretrained_repo_surrogate,/home/olivias/ML_qubit_design/experiments/model_predict_qubit_TransmonCross_Hamiltonian_params/model/surrogate_loss_2in_3out_best_model.keras,/home/olivias/ML_qubit_design/experiments/model_predict_qubit_TransmonCross_Hamiltonian_params/model/surrogate_loss_2in_3out_best_model.keras,"[64, 3]",Adam,"ExponentialDecay({'initial_learning_rate': 0.001, 'decay_steps': 220, 'decay_rate': 0.99, 'staircase': False, 'name': 'ExponentialDecay'})",mae,1.0,True,400,128,60,0.030303030303030276,0.7014912308982475,0.9711650080807196,0.06708391465840956,0.23745756439706123,0.1522707395277354,0.06156107491671603,0.2550692301355497,0.1583151525261329,0.06184466418443829,0.2705358190301383,0.1661902416072883,0.0459015816450119,0.9857978224754333,0.0,0.0
corner_test_far_to_near_by_test_geometry_nn_distance_fixed_pretrained_surrogate,50.0,2.0,420.0,70.0,4.1,420.0,1.0,100.0,1352,2,/home/olivias/ML_qubit_design/experiments/model_predict_qubit_TransmonCross_Hamiltonian_params/model/best_keras_model_model2_surrogate.keras,fixed_pretrained_repo_surrogate,/home/olivias/ML_qubit_design/experiments/model_predict_qubit_TransmonCross_Hamiltonian_params/model/surrogate_loss_2in_3out_best_model.keras,/home/olivias/ML_qubit_design/experiments/model_predict_qubit_TransmonCross_Hamiltonian_params/model/surrogate_loss_2in_3out_best_model.keras,"[64, 3]",Adam,"ExponentialDecay({'initial_learning_rate': 0.001, 'decay_steps': 220, 'decay_rate': 0.99, 'staircase': False, 'name': 'ExponentialDecay'})",mae,1.0,True,400,128,60,0.030303030303030276,0.7014912308982475,0.9711650080807196,0.09424172066331625,0.20172679744016128,0.14798425905173873,0.06745552834392941,0.21330301590688217,0.1403792721254058,0.0680714043408364,0.21956860993563013,0.14382000713823329,-0.0013671042397618294,0.9830524325370789,1.5252417142619379e-05,0.0013671042397618294
