selection_method,variation,split_seed,fraction,training_percent,n_samples,seed,hyperparameter_source,surrogate_training_mode,saved_surrogate_model_path,saved_combined_model_path,saved_inverse_model_path,surrogate_dense_units,inverse_dense_units,surrogate_optimizer,surrogate_learning_rate,surrogate_dropout_rate,surrogate_l2_reg,surrogate_use_batchnorm,surrogate_reconstruction_loss,surrogate_best_val_loss,surrogate_best_epoch,surrogate_jit_compile,surrogate_batch_size,surrogate_early_stopping_patience,inverse_optimizer,inverse_learning_rate,inverse_n_layers,inverse_dropout_rate,inverse_l2_reg,inverse_use_batchnorm,inverse_reconstruction_loss,range_penalty_weight,inverse_best_val_loss,inverse_best_epoch,inverse_jit_compile,inverse_batch_size,inverse_early_stopping_patience,surrogate_train_omega_q_mean_pct,surrogate_train_alpha_mean_pct,surrogate_train_mean_hamiltonian_pct,surrogate_val_omega_q_mean_pct,surrogate_val_alpha_mean_pct,surrogate_val_mean_hamiltonian_pct,surrogate_test_omega_q_mean_pct,surrogate_test_alpha_mean_pct,surrogate_test_mean_hamiltonian_pct,train_omega_q_mean_pct,train_alpha_mean_pct,train_mean_hamiltonian_pct,val_omega_q_mean_pct,val_alpha_mean_pct,val_mean_hamiltonian_pct,test_omega_q_mean_pct,test_alpha_mean_pct,test_mean_hamiltonian_pct,test_qiskit_scaled_min,test_qiskit_scaled_max,test_qiskit_range_violation_mean,test_qiskit_range_violation_max,test_omega_q_mean_pct_via_best_surrogate,test_alpha_mean_pct_via_best_surrogate,test_mean_hamiltonian_pct_via_best_surrogate
uniform_random_split_nested_random_subsets_diagnostic,tuned_inverse_hp_fixed_surrogate,42,0.2,20.0,270,1,/home/olivias/ML_qubit_design/experiments/model_predict_qubit_TransmonCross_Hamiltonian_params/data_amount_sweep_uniform_keras_tuner_seed0.csv,frozen_all_time_best,/home/olivias/ML_qubit_design/experiments/model_predict_qubit_TransmonCross_Hamiltonian_params/model/best_keras_model_model2_surrogate.keras,/home/olivias/ML_qubit_design/experiments/model_predict_qubit_TransmonCross_Hamiltonian_params/model/uniform_diagnostic_sweep/tuned_inverse_hp_fixed_surrogate/fraction_020pct_seed1_combined.keras,/home/olivias/ML_qubit_design/experiments/model_predict_qubit_TransmonCross_Hamiltonian_params/model/uniform_diagnostic_sweep/tuned_inverse_hp_fixed_surrogate/fraction_020pct_seed1_inverse.keras,[736],"[832, 128]",Adam,0.05013880506157875,0.0,2.5830209678145145e-05,False,mae,,-1,True,128,60,Adam,0.0124834950589906,2,0.25,1.8856623444935487e-06,False,mae,0.0114651809234848,0.00871574878692627,163,False,128,60,0.6155264664426551,1.7930639619910305,1.2042952142168428,0.6060164413619763,1.7957749694799436,1.20089570542096,0.6237040751867741,1.8300849097644196,1.2268944924755967,0.3157269070626769,0.6681714874691954,0.4919491972659361,0.40001948044479896,0.7912835546317795,0.5956515175382893,2.2766098446215715,4.747241127540547,3.511925486081059,-2.6364285945892334,1.3940443992614746,0.006449395325034857,2.6364285945892334,2.2766098446215715,4.747241127540547,3.511925486081059
uniform_random_split_nested_random_subsets_diagnostic,tuned_inverse_hp_fixed_surrogate,42,0.4,40.0,541,1,/home/olivias/ML_qubit_design/experiments/model_predict_qubit_TransmonCross_Hamiltonian_params/data_amount_sweep_uniform_keras_tuner_seed0.csv,frozen_all_time_best,/home/olivias/ML_qubit_design/experiments/model_predict_qubit_TransmonCross_Hamiltonian_params/model/best_keras_model_model2_surrogate.keras,/home/olivias/ML_qubit_design/experiments/model_predict_qubit_TransmonCross_Hamiltonian_params/model/uniform_diagnostic_sweep/tuned_inverse_hp_fixed_surrogate/fraction_040pct_seed1_combined.keras,/home/olivias/ML_qubit_design/experiments/model_predict_qubit_TransmonCross_Hamiltonian_params/model/uniform_diagnostic_sweep/tuned_inverse_hp_fixed_surrogate/fraction_040pct_seed1_inverse.keras,[736],[128],Adam,0.05013880506157875,0.0,2.5830209678145145e-05,False,mae,,-1,True,128,60,Adam,0.0069758466459997,1,0.0,1.7673735832558724e-06,False,mae,0.0537164549217895,0.0016869581304490566,381,False,128,60,0.6289519073744723,1.8388007878612265,1.2338763476178494,0.6060164413619763,1.7957749694799436,1.20089570542096,0.6237040751867741,1.8300849097644196,1.2268944924755967,0.06454387415326254,0.5068288466235826,0.28568636038842266,0.07017133353156811,0.49717861025133236,0.28367497189145024,0.06345528822066385,0.5477953602559904,0.3056253242383271,-0.13983853161334991,0.9500190019607544,0.002175296889618039,0.13983853161334991,0.06345528822066385,0.5477953602559904,0.3056253242383271
uniform_random_split_nested_random_subsets_diagnostic,tuned_inverse_hp_fixed_surrogate,42,0.6,60.0,811,1,/home/olivias/ML_qubit_design/experiments/model_predict_qubit_TransmonCross_Hamiltonian_params/data_amount_sweep_uniform_keras_tuner_seed0.csv,frozen_all_time_best,/home/olivias/ML_qubit_design/experiments/model_predict_qubit_TransmonCross_Hamiltonian_params/model/best_keras_model_model2_surrogate.keras,/home/olivias/ML_qubit_design/experiments/model_predict_qubit_TransmonCross_Hamiltonian_params/model/uniform_diagnostic_sweep/tuned_inverse_hp_fixed_surrogate/fraction_060pct_seed1_combined.keras,/home/olivias/ML_qubit_design/experiments/model_predict_qubit_TransmonCross_Hamiltonian_params/model/uniform_diagnostic_sweep/tuned_inverse_hp_fixed_surrogate/fraction_060pct_seed1_inverse.keras,[736],[448],Adam,0.05013880506157875,0.0,2.5830209678145145e-05,False,mae,,-1,True,128,60,Adam,0.0093741955952475,1,0.15,1.5449327694713334e-06,True,mae,0.2952274106645383,0.003612023778259754,245,False,128,60,0.6273321578545528,1.833180443696055,1.230256300775304,0.6060164413619763,1.7957749694799436,1.20089570542096,0.6237040751867741,1.8300849097644196,1.2268944924755967,0.28766843437307826,0.6724133602052011,0.48004089728913973,0.24360803703236447,0.6005904226318679,0.42209922983211623,0.3012247636466297,0.6840117211179838,0.4926182423823068,-0.0601484477519989,1.021132469177246,0.00018264265963807702,0.0601484477519989,0.3012247636466297,0.6840117211179838,0.4926182423823068
uniform_random_split_nested_random_subsets_diagnostic,tuned_inverse_hp_fixed_surrogate,42,0.8,80.0,1082,1,/home/olivias/ML_qubit_design/experiments/model_predict_qubit_TransmonCross_Hamiltonian_params/data_amount_sweep_uniform_keras_tuner_seed0.csv,frozen_all_time_best,/home/olivias/ML_qubit_design/experiments/model_predict_qubit_TransmonCross_Hamiltonian_params/model/best_keras_model_model2_surrogate.keras,/home/olivias/ML_qubit_design/experiments/model_predict_qubit_TransmonCross_Hamiltonian_params/model/uniform_diagnostic_sweep/tuned_inverse_hp_fixed_surrogate/fraction_080pct_seed1_combined.keras,/home/olivias/ML_qubit_design/experiments/model_predict_qubit_TransmonCross_Hamiltonian_params/model/uniform_diagnostic_sweep/tuned_inverse_hp_fixed_surrogate/fraction_080pct_seed1_inverse.keras,[736],[192],Adam,0.05013880506157875,0.0,2.5830209678145145e-05,False,mae,,-1,True,128,60,Adam,0.0146826791747742,1,0.05,0.0002636559253725,False,mae,0.0160198638422417,0.0029828972183167934,305,False,128,60,0.6272102947882351,1.8373885660151177,1.2322994304016766,0.6060164413619763,1.7957749694799436,1.20089570542096,0.6237040751867741,1.8300849097644196,1.2268944924755967,0.09886117848791856,0.3609574985863059,0.2299093385371122,0.10444268142726222,0.35069186756491855,0.22756727449609038,0.10646196181833958,0.3718026221505667,0.23913229198445313,0.014381706714630127,1.4061472415924072,0.0022716003004461527,0.4061472415924072,0.10646196181833958,0.3718026221505667,0.23913229198445313
uniform_random_split_nested_random_subsets_diagnostic,tuned_inverse_hp_fixed_surrogate,42,1.0,100.0,1352,1,/home/olivias/ML_qubit_design/experiments/model_predict_qubit_TransmonCross_Hamiltonian_params/data_amount_sweep_uniform_keras_tuner_seed0.csv,frozen_all_time_best,/home/olivias/ML_qubit_design/experiments/model_predict_qubit_TransmonCross_Hamiltonian_params/model/best_keras_model_model2_surrogate.keras,/home/olivias/ML_qubit_design/experiments/model_predict_qubit_TransmonCross_Hamiltonian_params/model/uniform_diagnostic_sweep/tuned_inverse_hp_fixed_surrogate/fraction_100pct_seed1_combined.keras,/home/olivias/ML_qubit_design/experiments/model_predict_qubit_TransmonCross_Hamiltonian_params/model/uniform_diagnostic_sweep/tuned_inverse_hp_fixed_surrogate/fraction_100pct_seed1_inverse.keras,[736],[128],Adam,0.05013880506157875,0.0,2.5830209678145145e-05,False,mae,,-1,True,128,60,Adam,0.0287405508846565,1,0.15,2.0732450874756057e-06,False,mae,0.1192028370956708,0.0018018767004832625,205,False,128,60,0.6249759390182404,1.8320736247910971,1.2285247819046685,0.6060164413619763,1.7957749694799436,1.20089570542096,0.6237040751867741,1.8300849097644196,1.2268944924755967,0.1095584895383829,0.4831305805611495,0.2963445350497662,0.11034936394873221,0.4820461191202655,0.29619774153449885,0.10406353064244349,0.5171508171859039,0.31060717391417375,-0.1817322075366974,1.2059637308120728,0.0026191561482846737,0.20596373081207275,0.10406353064244349,0.5171508171859039,0.31060717391417375
uniform_random_split_nested_random_subsets_diagnostic,tuned_inverse_hp_fixed_surrogate,42,0.2,20.0,270,2,/home/olivias/ML_qubit_design/experiments/model_predict_qubit_TransmonCross_Hamiltonian_params/data_amount_sweep_uniform_keras_tuner_seed0.csv,frozen_all_time_best,/home/olivias/ML_qubit_design/experiments/model_predict_qubit_TransmonCross_Hamiltonian_params/model/best_keras_model_model2_surrogate.keras,/home/olivias/ML_qubit_design/experiments/model_predict_qubit_TransmonCross_Hamiltonian_params/model/uniform_diagnostic_sweep/tuned_inverse_hp_fixed_surrogate/fraction_020pct_seed2_combined.keras,/home/olivias/ML_qubit_design/experiments/model_predict_qubit_TransmonCross_Hamiltonian_params/model/uniform_diagnostic_sweep/tuned_inverse_hp_fixed_surrogate/fraction_020pct_seed2_inverse.keras,[736],"[832, 128]",Adam,0.05013880506157875,0.0,2.5830209678145145e-05,False,mae,,-1,True,128,60,Adam,0.0124834950589906,2,0.25,1.8856623444935487e-06,False,mae,0.0114651809234848,0.010835306718945503,164,False,128,60,0.6155264664426551,1.7930639619910305,1.2042952142168428,0.6060164413619763,1.7957749694799436,1.20089570542096,0.6237040751867741,1.8300849097644196,1.2268944924755967,0.7753049758514896,1.0913267202498216,0.9333158480506555,0.7778866542814277,1.0334281161120014,0.9056573851967143,1.6529947768297424,3.1876258723157718,2.4203103245727577,-2.6489388942718506,3.6087160110473633,0.04385337606072426,2.6489388942718506,1.6529947768297424,3.1876258723157718,2.4203103245727577
uniform_random_split_nested_random_subsets_diagnostic,tuned_inverse_hp_fixed_surrogate,42,0.4,40.0,541,2,/home/olivias/ML_qubit_design/experiments/model_predict_qubit_TransmonCross_Hamiltonian_params/data_amount_sweep_uniform_keras_tuner_seed0.csv,frozen_all_time_best,/home/olivias/ML_qubit_design/experiments/model_predict_qubit_TransmonCross_Hamiltonian_params/model/best_keras_model_model2_surrogate.keras,/home/olivias/ML_qubit_design/experiments/model_predict_qubit_TransmonCross_Hamiltonian_params/model/uniform_diagnostic_sweep/tuned_inverse_hp_fixed_surrogate/fraction_040pct_seed2_combined.keras,/home/olivias/ML_qubit_design/experiments/model_predict_qubit_TransmonCross_Hamiltonian_params/model/uniform_diagnostic_sweep/tuned_inverse_hp_fixed_surrogate/fraction_040pct_seed2_inverse.keras,[736],[128],Adam,0.05013880506157875,0.0,2.5830209678145145e-05,False,mae,,-1,True,128,60,Adam,0.0069758466459997,1,0.0,1.7673735832558724e-06,False,mae,0.0537164549217895,0.0015257925260812044,288,False,128,60,0.6289519073744723,1.8388007878612265,1.2338763476178494,0.6060164413619763,1.7957749694799436,1.20089570542096,0.6237040751867741,1.8300849097644196,1.2268944924755967,0.06406132012186463,0.3543217627822428,0.20919154145205376,0.06927121057035118,0.34970802887655433,0.20948961972345279,0.07323622633838006,0.3631561818933995,0.2181962041158898,-0.39292261004447937,0.9609823226928711,0.005352223291993141,0.39292261004447937,0.07323622633838006,0.3631561818933995,0.2181962041158898
uniform_random_split_nested_random_subsets_diagnostic,tuned_inverse_hp_fixed_surrogate,42,0.6,60.0,811,2,/home/olivias/ML_qubit_design/experiments/model_predict_qubit_TransmonCross_Hamiltonian_params/data_amount_sweep_uniform_keras_tuner_seed0.csv,frozen_all_time_best,/home/olivias/ML_qubit_design/experiments/model_predict_qubit_TransmonCross_Hamiltonian_params/model/best_keras_model_model2_surrogate.keras,/home/olivias/ML_qubit_design/experiments/model_predict_qubit_TransmonCross_Hamiltonian_params/model/uniform_diagnostic_sweep/tuned_inverse_hp_fixed_surrogate/fraction_060pct_seed2_combined.keras,/home/olivias/ML_qubit_design/experiments/model_predict_qubit_TransmonCross_Hamiltonian_params/model/uniform_diagnostic_sweep/tuned_inverse_hp_fixed_surrogate/fraction_060pct_seed2_inverse.keras,[736],[448],Adam,0.05013880506157875,0.0,2.5830209678145145e-05,False,mae,,-1,True,128,60,Adam,0.0093741955952475,1,0.15,1.5449327694713334e-06,True,mae,0.2952274106645383,0.0032769604586064816,238,False,128,60,0.6273321578545528,1.833180443696055,1.230256300775304,0.6060164413619763,1.7957749694799436,1.20089570542096,0.6237040751867741,1.8300849097644196,1.2268944924755967,0.23496487075795758,0.6384464869289591,0.4367056788434583,0.21963351054260996,0.6379957304949377,0.4288146205187739,0.2246866434674207,0.6231592260507596,0.4239229347590901,-0.011322766542434692,0.9870418310165405,1.296995014854474e-05,0.011322766542434692,0.2246866434674207,0.6231592260507596,0.4239229347590901
uniform_random_split_nested_random_subsets_diagnostic,tuned_inverse_hp_fixed_surrogate,42,0.8,80.0,1082,2,/home/olivias/ML_qubit_design/experiments/model_predict_qubit_TransmonCross_Hamiltonian_params/data_amount_sweep_uniform_keras_tuner_seed0.csv,frozen_all_time_best,/home/olivias/ML_qubit_design/experiments/model_predict_qubit_TransmonCross_Hamiltonian_params/model/best_keras_model_model2_surrogate.keras,/home/olivias/ML_qubit_design/experiments/model_predict_qubit_TransmonCross_Hamiltonian_params/model/uniform_diagnostic_sweep/tuned_inverse_hp_fixed_surrogate/fraction_080pct_seed2_combined.keras,/home/olivias/ML_qubit_design/experiments/model_predict_qubit_TransmonCross_Hamiltonian_params/model/uniform_diagnostic_sweep/tuned_inverse_hp_fixed_surrogate/fraction_080pct_seed2_inverse.keras,[736],[192],Adam,0.05013880506157875,0.0,2.5830209678145145e-05,False,mae,,-1,True,128,60,Adam,0.0146826791747742,1,0.05,0.0002636559253725,False,mae,0.0160198638422417,0.003979197703301907,306,False,128,60,0.6272102947882351,1.8373885660151177,1.2322994304016766,0.6060164413619763,1.7957749694799436,1.20089570542096,0.6237040751867741,1.8300849097644196,1.2268944924755967,0.11947968698616208,0.3659715755032768,0.24272563124471946,0.12249984331309208,0.35552278809136134,0.2390113157022267,0.12614483720924247,0.3667057560293152,0.24642529661927887,-0.03499159961938858,1.3893976211547852,0.006526430137455463,0.38939762115478516,0.12614483720924247,0.3667057560293152,0.24642529661927887
uniform_random_split_nested_random_subsets_diagnostic,tuned_inverse_hp_fixed_surrogate,42,1.0,100.0,1352,2,/home/olivias/ML_qubit_design/experiments/model_predict_qubit_TransmonCross_Hamiltonian_params/data_amount_sweep_uniform_keras_tuner_seed0.csv,frozen_all_time_best,/home/olivias/ML_qubit_design/experiments/model_predict_qubit_TransmonCross_Hamiltonian_params/model/best_keras_model_model2_surrogate.keras,/home/olivias/ML_qubit_design/experiments/model_predict_qubit_TransmonCross_Hamiltonian_params/model/uniform_diagnostic_sweep/tuned_inverse_hp_fixed_surrogate/fraction_100pct_seed2_combined.keras,/home/olivias/ML_qubit_design/experiments/model_predict_qubit_TransmonCross_Hamiltonian_params/model/uniform_diagnostic_sweep/tuned_inverse_hp_fixed_surrogate/fraction_100pct_seed2_inverse.keras,[736],[128],Adam,0.05013880506157875,0.0,2.5830209678145145e-05,False,mae,,-1,True,128,60,Adam,0.0287405508846565,1,0.15,2.0732450874756057e-06,False,mae,0.1192028370956708,0.00279161985963583,88,False,128,60,0.6249759390182404,1.8320736247910971,1.2285247819046685,0.6060164413619763,1.7957749694799436,1.20089570542096,0.6237040751867741,1.8300849097644196,1.2268944924755967,0.21518984179491893,0.7519438060985472,0.4835668239467331,0.21997833505572617,0.7040388273368376,0.4620085811962819,0.21419128407257276,0.7301250707862829,0.4721581774294278,0.02415226399898529,1.1209111213684082,0.0043700020760297775,0.1209111213684082,0.21419128407257276,0.7301250707862829,0.4721581774294278
uniform_random_split_nested_random_subsets_diagnostic,tuned_inverse_hp_fixed_surrogate,42,0.2,20.0,270,3,/home/olivias/ML_qubit_design/experiments/model_predict_qubit_TransmonCross_Hamiltonian_params/data_amount_sweep_uniform_keras_tuner_seed0.csv,frozen_all_time_best,/home/olivias/ML_qubit_design/experiments/model_predict_qubit_TransmonCross_Hamiltonian_params/model/best_keras_model_model2_surrogate.keras,/home/olivias/ML_qubit_design/experiments/model_predict_qubit_TransmonCross_Hamiltonian_params/model/uniform_diagnostic_sweep/tuned_inverse_hp_fixed_surrogate/fraction_020pct_seed3_combined.keras,/home/olivias/ML_qubit_design/experiments/model_predict_qubit_TransmonCross_Hamiltonian_params/model/uniform_diagnostic_sweep/tuned_inverse_hp_fixed_surrogate/fraction_020pct_seed3_inverse.keras,[736],"[832, 128]",Adam,0.05013880506157875,0.0,2.5830209678145145e-05,False,mae,,-1,True,128,60,Adam,0.0124834950589906,2,0.25,1.8856623444935487e-06,False,mae,0.0114651809234848,0.008030169643461704,165,False,128,60,0.6155264664426551,1.7930639619910305,1.2042952142168428,0.6060164413619763,1.7957749694799436,1.20089570542096,0.6237040751867741,1.8300849097644196,1.2268944924755967,0.48833561412735177,1.0793345848854388,0.7838350995063953,0.43709577484848877,0.9557329353310784,0.6964143550897834,1.0718015993888654,2.3266610076708427,1.6992313035298543,-1.382321834564209,1.0199872255325317,0.009734566323459148,1.382321834564209,1.0718015993888654,2.3266610076708427,1.6992313035298543
uniform_random_split_nested_random_subsets_diagnostic,tuned_inverse_hp_fixed_surrogate,42,0.4,40.0,541,3,/home/olivias/ML_qubit_design/experiments/model_predict_qubit_TransmonCross_Hamiltonian_params/data_amount_sweep_uniform_keras_tuner_seed0.csv,frozen_all_time_best,/home/olivias/ML_qubit_design/experiments/model_predict_qubit_TransmonCross_Hamiltonian_params/model/best_keras_model_model2_surrogate.keras,/home/olivias/ML_qubit_design/experiments/model_predict_qubit_TransmonCross_Hamiltonian_params/model/uniform_diagnostic_sweep/tuned_inverse_hp_fixed_surrogate/fraction_040pct_seed3_combined.keras,/home/olivias/ML_qubit_design/experiments/model_predict_qubit_TransmonCross_Hamiltonian_params/model/uniform_diagnostic_sweep/tuned_inverse_hp_fixed_surrogate/fraction_040pct_seed3_inverse.keras,[736],[128],Adam,0.05013880506157875,0.0,2.5830209678145145e-05,False,mae,,-1,True,128,60,Adam,0.0069758466459997,1,0.0,1.7673735832558724e-06,False,mae,0.0537164549217895,0.0021879763808101416,225,False,128,60,0.6289519073744723,1.8388007878612265,1.2338763476178494,0.6060164413619763,1.7957749694799436,1.20089570542096,0.6237040751867741,1.8300849097644196,1.2268944924755967,0.0681407676262278,0.5227556212338538,0.2954481944300408,0.08188455203497949,0.5495595090295681,0.31572203053227377,0.09717061542285836,0.5463247933798395,0.321747704401349,0.03727076202630997,1.533281683921814,0.0057175070978701115,0.533281683921814,0.09717061542285836,0.5463247933798395,0.321747704401349
uniform_random_split_nested_random_subsets_diagnostic,tuned_inverse_hp_fixed_surrogate,42,0.6,60.0,811,3,/home/olivias/ML_qubit_design/experiments/model_predict_qubit_TransmonCross_Hamiltonian_params/data_amount_sweep_uniform_keras_tuner_seed0.csv,frozen_all_time_best,/home/olivias/ML_qubit_design/experiments/model_predict_qubit_TransmonCross_Hamiltonian_params/model/best_keras_model_model2_surrogate.keras,/home/olivias/ML_qubit_design/experiments/model_predict_qubit_TransmonCross_Hamiltonian_params/model/uniform_diagnostic_sweep/tuned_inverse_hp_fixed_surrogate/fraction_060pct_seed3_combined.keras,/home/olivias/ML_qubit_design/experiments/model_predict_qubit_TransmonCross_Hamiltonian_params/model/uniform_diagnostic_sweep/tuned_inverse_hp_fixed_surrogate/fraction_060pct_seed3_inverse.keras,[736],[448],Adam,0.05013880506157875,0.0,2.5830209678145145e-05,False,mae,,-1,True,128,60,Adam,0.0093741955952475,1,0.15,1.5449327694713334e-06,True,mae,0.2952274106645383,0.0032010709401220083,197,False,128,60,0.6273321578545528,1.833180443696055,1.230256300775304,0.6060164413619763,1.7957749694799436,1.20089570542096,0.6237040751867741,1.8300849097644196,1.2268944924755967,0.31095379918719074,0.45922584384780457,0.38508982151749765,0.28850117739501063,0.46040692202769556,0.37445404971135304,0.3181505353177574,0.4701697259654477,0.3941601306416025,-0.11116326600313187,0.9875566363334656,0.0012302059913054109,0.11116326600313187,0.3181505353177574,0.4701697259654477,0.3941601306416025
uniform_random_split_nested_random_subsets_diagnostic,tuned_inverse_hp_fixed_surrogate,42,0.8,80.0,1082,3,/home/olivias/ML_qubit_design/experiments/model_predict_qubit_TransmonCross_Hamiltonian_params/data_amount_sweep_uniform_keras_tuner_seed0.csv,frozen_all_time_best,/home/olivias/ML_qubit_design/experiments/model_predict_qubit_TransmonCross_Hamiltonian_params/model/best_keras_model_model2_surrogate.keras,/home/olivias/ML_qubit_design/experiments/model_predict_qubit_TransmonCross_Hamiltonian_params/model/uniform_diagnostic_sweep/tuned_inverse_hp_fixed_surrogate/fraction_080pct_seed3_combined.keras,/home/olivias/ML_qubit_design/experiments/model_predict_qubit_TransmonCross_Hamiltonian_params/model/uniform_diagnostic_sweep/tuned_inverse_hp_fixed_surrogate/fraction_080pct_seed3_inverse.keras,[736],[192],Adam,0.05013880506157875,0.0,2.5830209678145145e-05,False,mae,,-1,True,128,60,Adam,0.0146826791747742,1,0.05,0.0002636559253725,False,mae,0.0160198638422417,0.0030979181174188852,324,False,128,60,0.6272102947882351,1.8373885660151177,1.2322994304016766,0.6060164413619763,1.7957749694799436,1.20089570542096,0.6237040751867741,1.8300849097644196,1.2268944924755967,0.09989998931212844,0.33028085208510244,0.21509042069861542,0.09665161288880754,0.32415115091720553,0.21040138190300656,0.11128474089110729,0.34159205335168524,0.2264383971213963,-0.23380151391029358,0.9697575569152832,0.0014107143506407738,0.23380151391029358,0.11128474089110729,0.34159205335168524,0.2264383971213963
uniform_random_split_nested_random_subsets_diagnostic,tuned_inverse_hp_fixed_surrogate,42,1.0,100.0,1352,3,/home/olivias/ML_qubit_design/experiments/model_predict_qubit_TransmonCross_Hamiltonian_params/data_amount_sweep_uniform_keras_tuner_seed0.csv,frozen_all_time_best,/home/olivias/ML_qubit_design/experiments/model_predict_qubit_TransmonCross_Hamiltonian_params/model/best_keras_model_model2_surrogate.keras,/home/olivias/ML_qubit_design/experiments/model_predict_qubit_TransmonCross_Hamiltonian_params/model/uniform_diagnostic_sweep/tuned_inverse_hp_fixed_surrogate/fraction_100pct_seed3_combined.keras,/home/olivias/ML_qubit_design/experiments/model_predict_qubit_TransmonCross_Hamiltonian_params/model/uniform_diagnostic_sweep/tuned_inverse_hp_fixed_surrogate/fraction_100pct_seed3_inverse.keras,[736],[128],Adam,0.05013880506157875,0.0,2.5830209678145145e-05,False,mae,,-1,True,128,60,Adam,0.0287405508846565,1,0.15,2.0732450874756057e-06,False,mae,0.1192028370956708,0.0024073889944702387,71,False,128,60,0.6249759390182404,1.8320736247910971,1.2285247819046685,0.6060164413619763,1.7957749694799436,1.20089570542096,0.6237040751867741,1.8300849097644196,1.2268944924755967,0.14980186063556616,0.6751452979721698,0.41247357930386797,0.14833180065709398,0.641801777681131,0.39506678916911253,0.14203552608872932,0.683112537760331,0.4125740319245302,-0.2150607407093048,1.1519945859909058,0.007841190323233604,0.2150607407093048,0.14203552608872932,0.683112537760331,0.4125740319245302
uniform_random_split_nested_random_subsets_diagnostic,tuned_inverse_hp_fixed_surrogate,42,0.2,20.0,270,4,/home/olivias/ML_qubit_design/experiments/model_predict_qubit_TransmonCross_Hamiltonian_params/data_amount_sweep_uniform_keras_tuner_seed0.csv,frozen_all_time_best,/home/olivias/ML_qubit_design/experiments/model_predict_qubit_TransmonCross_Hamiltonian_params/model/best_keras_model_model2_surrogate.keras,/home/olivias/ML_qubit_design/experiments/model_predict_qubit_TransmonCross_Hamiltonian_params/model/uniform_diagnostic_sweep/tuned_inverse_hp_fixed_surrogate/fraction_020pct_seed4_combined.keras,/home/olivias/ML_qubit_design/experiments/model_predict_qubit_TransmonCross_Hamiltonian_params/model/uniform_diagnostic_sweep/tuned_inverse_hp_fixed_surrogate/fraction_020pct_seed4_inverse.keras,[736],"[832, 128]",Adam,0.05013880506157875,0.0,2.5830209678145145e-05,False,mae,,-1,True,128,60,Adam,0.0124834950589906,2,0.25,1.8856623444935487e-06,False,mae,0.0114651809234848,0.009725477546453476,41,False,128,60,0.6155264664426551,1.7930639619910305,1.2042952142168428,0.6060164413619763,1.7957749694799436,1.20089570542096,0.6237040751867741,1.8300849097644196,1.2268944924755967,0.28477845182045064,1.0539554040148085,0.6693669279176295,0.3439511470717343,1.1713279965982293,0.7576395718349818,0.6083203349541397,1.7335143681374405,1.17091735154579,-3.1583261489868164,1.5055559873580933,0.04216736555099487,3.1583261489868164,0.6083203349541397,1.7335143681374405,1.17091735154579
uniform_random_split_nested_random_subsets_diagnostic,tuned_inverse_hp_fixed_surrogate,42,0.4,40.0,541,4,/home/olivias/ML_qubit_design/experiments/model_predict_qubit_TransmonCross_Hamiltonian_params/data_amount_sweep_uniform_keras_tuner_seed0.csv,frozen_all_time_best,/home/olivias/ML_qubit_design/experiments/model_predict_qubit_TransmonCross_Hamiltonian_params/model/best_keras_model_model2_surrogate.keras,/home/olivias/ML_qubit_design/experiments/model_predict_qubit_TransmonCross_Hamiltonian_params/model/uniform_diagnostic_sweep/tuned_inverse_hp_fixed_surrogate/fraction_040pct_seed4_combined.keras,/home/olivias/ML_qubit_design/experiments/model_predict_qubit_TransmonCross_Hamiltonian_params/model/uniform_diagnostic_sweep/tuned_inverse_hp_fixed_surrogate/fraction_040pct_seed4_inverse.keras,[736],[128],Adam,0.05013880506157875,0.0,2.5830209678145145e-05,False,mae,,-1,True,128,60,Adam,0.0069758466459997,1,0.0,1.7673735832558724e-06,False,mae,0.0537164549217895,0.002137242117896676,398,False,128,60,0.6289519073744723,1.8388007878612265,1.2338763476178494,0.6060164413619763,1.7957749694799436,1.20089570542096,0.6237040751867741,1.8300849097644196,1.2268944924755967,0.12306339733760796,0.35213124361545456,0.23759732047653123,0.12471586172089098,0.37880115178539875,0.2517585067531448,0.14226217802047633,0.4165406231427608,0.2794014005816186,-0.08806689083576202,2.2660062313079834,0.012768598273396492,1.2660062313079834,0.14226217802047633,0.4165406231427608,0.2794014005816186
uniform_random_split_nested_random_subsets_diagnostic,tuned_inverse_hp_fixed_surrogate,42,0.6,60.0,811,4,/home/olivias/ML_qubit_design/experiments/model_predict_qubit_TransmonCross_Hamiltonian_params/data_amount_sweep_uniform_keras_tuner_seed0.csv,frozen_all_time_best,/home/olivias/ML_qubit_design/experiments/model_predict_qubit_TransmonCross_Hamiltonian_params/model/best_keras_model_model2_surrogate.keras,/home/olivias/ML_qubit_design/experiments/model_predict_qubit_TransmonCross_Hamiltonian_params/model/uniform_diagnostic_sweep/tuned_inverse_hp_fixed_surrogate/fraction_060pct_seed4_combined.keras,/home/olivias/ML_qubit_design/experiments/model_predict_qubit_TransmonCross_Hamiltonian_params/model/uniform_diagnostic_sweep/tuned_inverse_hp_fixed_surrogate/fraction_060pct_seed4_inverse.keras,[736],[448],Adam,0.05013880506157875,0.0,2.5830209678145145e-05,False,mae,,-1,True,128,60,Adam,0.0093741955952475,1,0.15,1.5449327694713334e-06,True,mae,0.2952274106645383,0.004333274904638529,145,False,128,60,0.6273321578545528,1.833180443696055,1.230256300775304,0.6060164413619763,1.7957749694799436,1.20089570542096,0.6237040751867741,1.8300849097644196,1.2268944924755967,0.36070178898888194,0.7395028604467152,0.5501023247177986,0.3705173446114658,0.692575004431711,0.5315461745215884,0.3670232872119938,0.7339965967861198,0.5505099419990568,0.026132702827453613,0.9697808027267456,0.0,0.0,0.3670232872119938,0.7339965967861198,0.5505099419990568
uniform_random_split_nested_random_subsets_diagnostic,tuned_inverse_hp_fixed_surrogate,42,0.8,80.0,1082,4,/home/olivias/ML_qubit_design/experiments/model_predict_qubit_TransmonCross_Hamiltonian_params/data_amount_sweep_uniform_keras_tuner_seed0.csv,frozen_all_time_best,/home/olivias/ML_qubit_design/experiments/model_predict_qubit_TransmonCross_Hamiltonian_params/model/best_keras_model_model2_surrogate.keras,/home/olivias/ML_qubit_design/experiments/model_predict_qubit_TransmonCross_Hamiltonian_params/model/uniform_diagnostic_sweep/tuned_inverse_hp_fixed_surrogate/fraction_080pct_seed4_combined.keras,/home/olivias/ML_qubit_design/experiments/model_predict_qubit_TransmonCross_Hamiltonian_params/model/uniform_diagnostic_sweep/tuned_inverse_hp_fixed_surrogate/fraction_080pct_seed4_inverse.keras,[736],[192],Adam,0.05013880506157875,0.0,2.5830209678145145e-05,False,mae,,-1,True,128,60,Adam,0.0146826791747742,1,0.05,0.0002636559253725,False,mae,0.0160198638422417,0.0035900073125958443,326,False,128,60,0.6272102947882351,1.8373885660151177,1.2322994304016766,0.6060164413619763,1.7957749694799436,1.20089570542096,0.6237040751867741,1.8300849097644196,1.2268944924755967,0.16112129351531515,0.47414862236016586,0.3176349579377405,0.158872256853531,0.4508588205970827,0.3048655387253069,0.17282661789383322,0.4780220773564534,0.3254243476251433,-0.024773426353931427,0.957036018371582,0.00032079973607324064,0.024773426353931427,0.17282661789383322,0.4780220773564534,0.3254243476251433
uniform_random_split_nested_random_subsets_diagnostic,tuned_inverse_hp_fixed_surrogate,42,1.0,100.0,1352,4,/home/olivias/ML_qubit_design/experiments/model_predict_qubit_TransmonCross_Hamiltonian_params/data_amount_sweep_uniform_keras_tuner_seed0.csv,frozen_all_time_best,/home/olivias/ML_qubit_design/experiments/model_predict_qubit_TransmonCross_Hamiltonian_params/model/best_keras_model_model2_surrogate.keras,/home/olivias/ML_qubit_design/experiments/model_predict_qubit_TransmonCross_Hamiltonian_params/model/uniform_diagnostic_sweep/tuned_inverse_hp_fixed_surrogate/fraction_100pct_seed4_combined.keras,/home/olivias/ML_qubit_design/experiments/model_predict_qubit_TransmonCross_Hamiltonian_params/model/uniform_diagnostic_sweep/tuned_inverse_hp_fixed_surrogate/fraction_100pct_seed4_inverse.keras,[736],[128],Adam,0.05013880506157875,0.0,2.5830209678145145e-05,False,mae,,-1,True,128,60,Adam,0.0287405508846565,1,0.15,2.0732450874756057e-06,False,mae,0.1192028370956708,0.0016846448415890336,204,False,128,60,0.6249759390182404,1.8320736247910971,1.2285247819046685,0.6060164413619763,1.7957749694799436,1.20089570542096,0.6237040751867741,1.8300849097644196,1.2268944924755967,0.1233603131998777,0.3626961086769484,0.24302821093841306,0.11760507473725343,0.36343302936544647,0.24051905205134996,0.1197028386075034,0.3922153426923302,0.2559590906499168,-0.17043760418891907,1.1230732202529907,0.002727399580180645,0.17043760418891907,0.1197028386075034,0.3922153426923302,0.2559590906499168
uniform_random_split_nested_random_subsets_diagnostic,tuned_inverse_hp_fixed_surrogate,42,0.2,20.0,270,5,/home/olivias/ML_qubit_design/experiments/model_predict_qubit_TransmonCross_Hamiltonian_params/data_amount_sweep_uniform_keras_tuner_seed0.csv,frozen_all_time_best,/home/olivias/ML_qubit_design/experiments/model_predict_qubit_TransmonCross_Hamiltonian_params/model/best_keras_model_model2_surrogate.keras,/home/olivias/ML_qubit_design/experiments/model_predict_qubit_TransmonCross_Hamiltonian_params/model/uniform_diagnostic_sweep/tuned_inverse_hp_fixed_surrogate/fraction_020pct_seed5_combined.keras,/home/olivias/ML_qubit_design/experiments/model_predict_qubit_TransmonCross_Hamiltonian_params/model/uniform_diagnostic_sweep/tuned_inverse_hp_fixed_surrogate/fraction_020pct_seed5_inverse.keras,[736],"[832, 128]",Adam,0.05013880506157875,0.0,2.5830209678145145e-05,False,mae,,-1,True,128,60,Adam,0.0124834950589906,2,0.25,1.8856623444935487e-06,False,mae,0.0114651809234848,0.011773415841162205,81,False,128,60,0.6155264664426551,1.7930639619910305,1.2042952142168428,0.6060164413619763,1.7957749694799436,1.20089570542096,0.6237040751867741,1.8300849097644196,1.2268944924755967,0.6270614764744933,1.2632973415735165,0.9451794090240048,0.6467013447859772,1.3790673633213018,1.0128843540536396,2.678679099042371,5.966719508176332,4.322699303609351,-4.283117771148682,2.8134427070617676,0.055397797375917435,4.283117771148682,2.678679099042371,5.966719508176332,4.322699303609351
uniform_random_split_nested_random_subsets_diagnostic,tuned_inverse_hp_fixed_surrogate,42,0.4,40.0,541,5,/home/olivias/ML_qubit_design/experiments/model_predict_qubit_TransmonCross_Hamiltonian_params/data_amount_sweep_uniform_keras_tuner_seed0.csv,frozen_all_time_best,/home/olivias/ML_qubit_design/experiments/model_predict_qubit_TransmonCross_Hamiltonian_params/model/best_keras_model_model2_surrogate.keras,/home/olivias/ML_qubit_design/experiments/model_predict_qubit_TransmonCross_Hamiltonian_params/model/uniform_diagnostic_sweep/tuned_inverse_hp_fixed_surrogate/fraction_040pct_seed5_combined.keras,/home/olivias/ML_qubit_design/experiments/model_predict_qubit_TransmonCross_Hamiltonian_params/model/uniform_diagnostic_sweep/tuned_inverse_hp_fixed_surrogate/fraction_040pct_seed5_inverse.keras,[736],[128],Adam,0.05013880506157875,0.0,2.5830209678145145e-05,False,mae,,-1,True,128,60,Adam,0.0069758466459997,1,0.0,1.7673735832558724e-06,False,mae,0.0537164549217895,0.0024647116661071777,176,False,128,60,0.6289519073744723,1.8388007878612265,1.2338763476178494,0.6060164413619763,1.7957749694799436,1.20089570542096,0.6237040751867741,1.8300849097644196,1.2268944924755967,0.08288954996387998,0.5193453239732215,0.3011174369685508,0.11456118567040566,0.5265200620606348,0.32054062386552024,0.14029330666193734,0.6083745951996453,0.37433395093079125,0.08335693180561066,2.478260040283203,0.008074832148849964,1.4782600402832031,0.14029330666193734,0.6083745951996453,0.37433395093079125
uniform_random_split_nested_random_subsets_diagnostic,tuned_inverse_hp_fixed_surrogate,42,0.6,60.0,811,5,/home/olivias/ML_qubit_design/experiments/model_predict_qubit_TransmonCross_Hamiltonian_params/data_amount_sweep_uniform_keras_tuner_seed0.csv,frozen_all_time_best,/home/olivias/ML_qubit_design/experiments/model_predict_qubit_TransmonCross_Hamiltonian_params/model/best_keras_model_model2_surrogate.keras,/home/olivias/ML_qubit_design/experiments/model_predict_qubit_TransmonCross_Hamiltonian_params/model/uniform_diagnostic_sweep/tuned_inverse_hp_fixed_surrogate/fraction_060pct_seed5_combined.keras,/home/olivias/ML_qubit_design/experiments/model_predict_qubit_TransmonCross_Hamiltonian_params/model/uniform_diagnostic_sweep/tuned_inverse_hp_fixed_surrogate/fraction_060pct_seed5_inverse.keras,[736],[448],Adam,0.05013880506157875,0.0,2.5830209678145145e-05,False,mae,,-1,True,128,60,Adam,0.0093741955952475,1,0.15,1.5449327694713334e-06,True,mae,0.2952274106645383,0.004433746449649334,240,False,128,60,0.6273321578545528,1.833180443696055,1.230256300775304,0.6060164413619763,1.7957749694799436,1.20089570542096,0.6237040751867741,1.8300849097644196,1.2268944924755967,0.35379421911981435,0.6881479015127648,0.5209710603162897,0.36199245820253273,0.700989070978279,0.5314907645904058,0.3551135988699822,0.7016445942602132,0.5283790965650977,-0.021234631538391113,1.02420175075531,0.00026119916583411396,0.02420175075531006,0.3551135988699822,0.7016445942602132,0.5283790965650977
uniform_random_split_nested_random_subsets_diagnostic,tuned_inverse_hp_fixed_surrogate,42,0.8,80.0,1082,5,/home/olivias/ML_qubit_design/experiments/model_predict_qubit_TransmonCross_Hamiltonian_params/data_amount_sweep_uniform_keras_tuner_seed0.csv,frozen_all_time_best,/home/olivias/ML_qubit_design/experiments/model_predict_qubit_TransmonCross_Hamiltonian_params/model/best_keras_model_model2_surrogate.keras,/home/olivias/ML_qubit_design/experiments/model_predict_qubit_TransmonCross_Hamiltonian_params/model/uniform_diagnostic_sweep/tuned_inverse_hp_fixed_surrogate/fraction_080pct_seed5_combined.keras,/home/olivias/ML_qubit_design/experiments/model_predict_qubit_TransmonCross_Hamiltonian_params/model/uniform_diagnostic_sweep/tuned_inverse_hp_fixed_surrogate/fraction_080pct_seed5_inverse.keras,[736],[192],Adam,0.05013880506157875,0.0,2.5830209678145145e-05,False,mae,,-1,True,128,60,Adam,0.0146826791747742,1,0.05,0.0002636559253725,False,mae,0.0160198638422417,0.003736581187695265,290,False,128,60,0.6272102947882351,1.8373885660151177,1.2322994304016766,0.6060164413619763,1.7957749694799436,1.20089570542096,0.6237040751867741,1.8300849097644196,1.2268944924755967,0.11141044738935516,0.4291286883583156,0.2702695678738353,0.10628896578893869,0.4446741440295619,0.27548155490925025,0.11806561806529735,0.43747419557037265,0.277769906817835,-0.01865323819220066,1.4050073623657227,0.007084417622536421,0.40500736236572266,0.11806561806529735,0.43747419557037265,0.277769906817835
uniform_random_split_nested_random_subsets_diagnostic,tuned_inverse_hp_fixed_surrogate,42,1.0,100.0,1352,5,/home/olivias/ML_qubit_design/experiments/model_predict_qubit_TransmonCross_Hamiltonian_params/data_amount_sweep_uniform_keras_tuner_seed0.csv,frozen_all_time_best,/home/olivias/ML_qubit_design/experiments/model_predict_qubit_TransmonCross_Hamiltonian_params/model/best_keras_model_model2_surrogate.keras,/home/olivias/ML_qubit_design/experiments/model_predict_qubit_TransmonCross_Hamiltonian_params/model/uniform_diagnostic_sweep/tuned_inverse_hp_fixed_surrogate/fraction_100pct_seed5_combined.keras,/home/olivias/ML_qubit_design/experiments/model_predict_qubit_TransmonCross_Hamiltonian_params/model/uniform_diagnostic_sweep/tuned_inverse_hp_fixed_surrogate/fraction_100pct_seed5_inverse.keras,[736],[128],Adam,0.05013880506157875,0.0,2.5830209678145145e-05,False,mae,,-1,True,128,60,Adam,0.0287405508846565,1,0.15,2.0732450874756057e-06,False,mae,0.1192028370956708,0.002328834030777216,238,False,128,60,0.6249759390182404,1.8320736247910971,1.2285247819046685,0.6060164413619763,1.7957749694799436,1.20089570542096,0.6237040751867741,1.8300849097644196,1.2268944924755967,0.18164378433067924,0.5488941309712403,0.36526895765095974,0.1816265502017638,0.5243837883326798,0.3530051692672218,0.17641363185833872,0.5435709551998589,0.35999229352909873,-0.1659543663263321,1.137961745262146,0.007961731404066086,0.1659543663263321,0.17641363185833872,0.5435709551998589,0.35999229352909873
